ISO-10303-21;
HEADER;
/* Generated by software containing ST-Developer
 * from STEP Tools, Inc. (www.steptools.com) 
 */
/* OPTION: using custom renumber hook */

FILE_DESCRIPTION(
/* description */ ('STEP AP242',
'CAx-IF Rec.Pracs.---Representation and Presentation of Product Manufa
cturing Information (PMI)---4.0---2014-10-13',
'CAx-IF Rec.Pracs.---3D Tessellated Geometry---0.4---2014-09-14','2;1'),

/* implementation_level */ '2;1');

FILE_NAME(
/* name */ '65d613f1f6c8920a5d7bb945',
/* time_stamp */ '2024-02-21T15:17:07Z',
/* author */ (''),
/* organization */ (''),
/* preprocessor_version */ 'ST-DEVELOPER v19.4',
/* originating_system */ '  ',
/* authorisation */ '  ');

FILE_SCHEMA (('AP242_MANAGED_MODEL_BASED_3D_ENGINEERING_MIM_LF { 1 0 10303 442 1 1 4 }'));
ENDSEC;

DATA;
#10=ELLIPSE('',#888,2.40406080848294,1.016);
#11=ELLIPSE('',#893,2.82477144996745,1.1938);
#12=SPHERICAL_SURFACE('',#872,3.7592);
#13=SPHERICAL_SURFACE('',#913,3.7592);
#14=SPHERICAL_SURFACE('',#914,3.7084);
#15=TOROIDAL_SURFACE('',#864,0.358685441632,0.071263111135672);
#16=TOROIDAL_SURFACE('',#869,0.358685441632,0.0646914814372);
#17=TOROIDAL_SURFACE('',#922,0.285845287492178,0.071263111135672);
#18=TOROIDAL_SURFACE('',#927,0.285845287492178,0.0646914814372);
#19=LINE('',#1282,#29);
#20=LINE('',#1287,#30);
#21=LINE('',#1477,#31);
#22=LINE('',#1481,#32);
#23=LINE('',#1580,#33);
#24=LINE('',#1581,#34);
#25=LINE('',#1583,#35);
#26=LINE('',#1584,#36);
#27=LINE('',#2066,#37);
#28=LINE('',#2068,#38);
#29=VECTOR('',#965,1.);
#30=VECTOR('',#968,1.);
#31=VECTOR('',#977,1.);
#32=VECTOR('',#980,1.);
#33=VECTOR('',#993,1.);
#34=VECTOR('',#994,1.);
#35=VECTOR('',#997,1.);
#36=VECTOR('',#998,1.);
#37=VECTOR('',#1095,1.);
#38=VECTOR('',#1098,1.);
#39=B_SPLINE_CURVE_WITH_KNOTS('',3,(#1191,#1192,#1193,#1194,#1195,#1196,
#1197,#1198,#1199,#1200,#1201,#1202,#1203,#1204,#1205,#1206,#1207,#1208,
#1209,#1210,#1211,#1212,#1213,#1214,#1215,#1216,#1217,#1218,#1219,#1220,
#1221,#1222,#1223,#1224,#1225,#1226,#1227,#1228,#1229,#1230,#1231,#1232,
#1233,#1234,#1235,#1236,#1237,#1238,#1239,#1240,#1241,#1242,#1243,#1244,
#1245,#1246,#1247,#1248,#1249,#1250,#1251,#1252,#1253,#1254,#1255,#1256,
#1257,#1258,#1259,#1260,#1261,#1262,#1263,#1264,#1265,#1266,#1267,#1268,
#1269,#1270,#1271,#1272,#1273,#1274,#1275,#1276,#1277,#1278),
 .UNSPECIFIED.,.T.,.F.,(1,1,1,1,1,1,1,1,1,1,1,1,1,1,1,1,1,1,1,1,1,1,1,1,
1,1,1,1,1,1,1,1,1,1,1,1,1,1,1,1,1,1,1,1,1,1,1,1,1,1,1,1,1,1,1,1,1,1,1,1,
1,1,1,1,1,1,1,1,1,1,1,1,1,1,1,1,1,1,1,1,1,1,1,1,1,1,1,1,1,1,1,1),(-0.0449374118307551,
-0.0224687059153774,-0.0112343529576886,1.59139729037403E-17,0.0112343529576888,
0.0224687059153776,0.0449374118307553,0.0674061177461329,0.0786404707038217,
0.0898748236615105,0.112343529576888,0.134812235492266,0.146046588449955,
0.157280941407643,0.179749647323021,0.202218353238399,0.224687059153776,
0.235921412111465,0.247155765069154,0.269624470984531,0.292093176899909,
0.303327529857598,0.314561882815287,0.337030588730664,0.359499294646042,
0.370733647603731,0.38196800056142,0.393202353519108,0.404436706476797,
0.426905412392175,0.449374118307552,0.47184282422293,0.494311530138308,
0.516780236053685,0.528014589011374,0.539248941969063,0.550483294926752,
0.561717647884441,0.584186353799818,0.606655059715196,0.629123765630573,
0.651592471545951,0.674061177461329,0.685295530419018,0.696529883376706,
0.707764236334395,0.718998589292084,0.741467295207461,0.763936001122839,
0.775170354080528,0.786404707038217,0.808873412953594,0.831342118868972,
0.85381082478435,0.876279530699727,0.898748236615105,0.909982589572794,
0.921216942530483,0.932451295488171,0.94368564844586,0.966154354361238,
0.988623060276615,1.01109176619199,1.03356047210737,1.05602917802275,1.06726353098044,
1.07849788393813,1.08973223689581,1.1009665898535,1.12343529576888,1.14590400168426,
1.15713835464195,1.16837270759964,1.19084141351501,1.21331011943039,1.22454447238808,
1.23577882534577,1.25824753126115,1.28071623717652,1.3031849430919,1.31441929604959,
1.32565364900728,1.34812235492266,1.37059106083804,1.38182541379572,1.39305976675341,
1.41552847266879,1.42676282562648,1.43799717858417,1.44923153154186,1.46046588449955,
1.48293459041492),.UNSPECIFIED.);
#40=B_SPLINE_CURVE_WITH_KNOTS('',3,(#1290,#1291,#1292,#1293,#1294,#1295,
#1296,#1297,#1298,#1299,#1300,#1301,#1302,#1303,#1304,#1305,#1306,#1307,
#1308,#1309,#1310,#1311,#1312,#1313,#1314,#1315,#1316,#1317,#1318,#1319,
#1320,#1321,#1322,#1323,#1324,#1325,#1326,#1327,#1328,#1329,#1330,#1331,
#1332,#1333,#1334,#1335,#1336,#1337,#1338,#1339,#1340,#1341,#1342,#1343,
#1344,#1345,#1346,#1347,#1348,#1349,#1350,#1351,#1352,#1353,#1354,#1355,
#1356,#1357,#1358,#1359,#1360,#1361,#1362,#1363,#1364,#1365,#1366,#1367,
#1368,#1369,#1370,#1371,#1372,#1373,#1374,#1375,#1376,#1377,#1378,#1379),
 .UNSPECIFIED.,.T.,.F.,(1,1,1,1,1,1,1,1,1,1,1,1,1,1,1,1,1,1,1,1,1,1,1,1,
1,1,1,1,1,1,1,1,1,1,1,1,1,1,1,1,1,1,1,1,1,1,1,1,1,1,1,1,1,1,1,1,1,1,1,1,
1,1,1,1,1,1,1,1,1,1,1,1,1,1,1,1,1,1,1,1,1,1,1,1,1,1,1,1,1,1,1,1,1,1),(-0.0451187106532651,
-0.0225593553266326,-0.0112796776633162,0.,0.0112796776633163,0.0225593553266325,
0.0451187106532651,0.0676780659798976,0.0789577436432139,0.0902374213065301,
0.112796776633163,0.135356131959795,0.146635809623112,0.157915487286428,
0.18047484261306,0.203034197939693,0.225593553266325,0.236873230929642,
0.248152908592958,0.27071226391959,0.293271619246223,0.304551296909539,
0.315830974572856,0.338390329899488,0.360949685226121,0.372229362889437,
0.383509040552753,0.394788718216069,0.406068395879386,0.428627751206018,
0.451187106532651,0.473746461859283,0.496305817185916,0.518865172512548,
0.530144850175865,0.541424527839181,0.552704205502497,0.563983883165813,
0.586543238492446,0.609102593819079,0.620382271482395,0.631661949145711,
0.654221304472344,0.676780659798976,0.688060337462292,0.699340015125609,
0.710619692788925,0.721899370452241,0.744458725778874,0.767018081105506,
0.778297758768823,0.789577436432139,0.812136791758771,0.834696147085404,
0.857255502412037,0.879814857738669,0.902374213065302,0.913653890728618,
0.924933568391934,0.947492923718567,0.970052279045199,0.992611634371832,
1.00389131203515,1.01517098969846,1.0377303450251,1.06028970035173,1.07156937801505,
1.08284905567836,1.09412873334168,1.10540841100499,1.12796776633163,1.15052712165826,
1.16180679932158,1.17308647698489,1.19564583231152,1.21820518763816,1.22948486530147,
1.24076454296479,1.25204422062811,1.26332389829142,1.28588325361805,1.30844260894469,
1.319722286608,1.33100196427132,1.35356131959795,1.37612067492458,1.3874003525879,
1.39868003025122,1.42123938557785,1.43251906324117,1.44379874090448,1.4550784185678,
1.46635809623111,1.48891745155775),.UNSPECIFIED.);
#41=B_SPLINE_CURVE_WITH_KNOTS('',3,(#1382,#1383,#1384,#1385,#1386,#1387,
#1388,#1389,#1390,#1391,#1392,#1393,#1394,#1395,#1396,#1397,#1398,#1399,
#1400,#1401,#1402,#1403,#1404,#1405,#1406,#1407,#1408,#1409,#1410,#1411,
#1412,#1413,#1414,#1415,#1416,#1417,#1418,#1419,#1420,#1421,#1422,#1423,
#1424,#1425,#1426,#1427,#1428,#1429,#1430,#1431,#1432,#1433,#1434,#1435,
#1436,#1437,#1438,#1439,#1440,#1441,#1442,#1443,#1444,#1445,#1446,#1447,
#1448,#1449,#1450,#1451,#1452,#1453,#1454,#1455,#1456,#1457,#1458,#1459,
#1460,#1461,#1462,#1463,#1464,#1465,#1466,#1467,#1468,#1469,#1470),
 .UNSPECIFIED.,.T.,.F.,(1,1,1,1,1,1,1,1,1,1,1,1,1,1,1,1,1,1,1,1,1,1,1,1,
1,1,1,1,1,1,1,1,1,1,1,1,1,1,1,1,1,1,1,1,1,1,1,1,1,1,1,1,1,1,1,1,1,1,1,1,
1,1,1,1,1,1,1,1,1,1,1,1,1,1,1,1,1,1,1,1,1,1,1,1,1,1,1,1,1,1,1,1,1),(-0.045167495947708,
-0.022583747973854,-0.011291873986927,9.20755168923944E-18,0.011291873986927,
0.0225837479738541,0.0451674959477081,0.0677512439215621,0.0790431179084892,
0.0903349918954162,0.11291873986927,0.135502487843124,0.146794361830051,
0.158086235816978,0.180669983790832,0.203253731764686,0.22583747973854,
0.237129353725468,0.248421227712395,0.271004975686249,0.293588723660103,
0.316172471633957,0.338756219607811,0.361339967581665,0.372631841568592,
0.383923715555519,0.395215589542446,0.406507463529373,0.429091211503227,
0.451674959477081,0.474258707450935,0.496842455424789,0.519426203398643,
0.53071807738557,0.542009951372497,0.553301825359424,0.564593699346351,
0.587177447320205,0.609761195294059,0.621053069280986,0.632344943267913,
0.654928691241767,0.677512439215621,0.688804313202549,0.700096187189476,
0.72267993516333,0.745263683137183,0.75655555712411,0.767847431111038,0.779139305097965,
0.790431179084892,0.813014927058746,0.8355986750326,0.846890549019527,0.858182423006454,
0.880766170980308,0.903349918954162,0.914641792941089,0.925933666928016,
0.94851741490187,0.971101162875724,0.993684910849578,1.00497678483651,1.01626865882343,
1.03885240679729,1.06143615477114,1.07272802875807,1.08401990274499,1.09531177673192,
1.10660365071885,1.1291873986927,1.15177114666656,1.16306302065348,1.17435489464041,
1.19693864261426,1.21952239058812,1.23081426457505,1.24210613856197,1.26468988653583,
1.28727363450968,1.29856550849661,1.30985738248353,1.32114925647046,1.33244113045739,
1.35502487843124,1.3776086264051,1.40019237437895,1.42277612235281,1.43406799633973,
1.44535987032666,1.45665174431359,1.46794361830051,1.49052736627437),
 .UNSPECIFIED.);
#42=B_SPLINE_CURVE_WITH_KNOTS('',3,(#1482,#1483,#1484,#1485,#1486,#1487,
#1488,#1489,#1490,#1491,#1492,#1493,#1494,#1495,#1496,#1497,#1498,#1499,
#1500,#1501,#1502,#1503,#1504,#1505,#1506,#1507,#1508,#1509,#1510,#1511,
#1512,#1513,#1514,#1515,#1516,#1517,#1518,#1519,#1520,#1521,#1522,#1523,
#1524,#1525,#1526,#1527,#1528,#1529,#1530,#1531,#1532,#1533,#1534,#1535,
#1536,#1537,#1538,#1539,#1540,#1541,#1542,#1543,#1544,#1545,#1546,#1547,
#1548,#1549,#1550,#1551,#1552,#1553,#1554,#1555,#1556,#1557,#1558,#1559,
#1560,#1561,#1562,#1563,#1564,#1565,#1566,#1567,#1568,#1569,#1570),
 .UNSPECIFIED.,.T.,.F.,(1,1,1,1,1,1,1,1,1,1,1,1,1,1,1,1,1,1,1,1,1,1,1,1,
1,1,1,1,1,1,1,1,1,1,1,1,1,1,1,1,1,1,1,1,1,1,1,1,1,1,1,1,1,1,1,1,1,1,1,1,
1,1,1,1,1,1,1,1,1,1,1,1,1,1,1,1,1,1,1,1,1,1,1,1,1,1,1,1,1,1,1,1,1),(-0.0455115828501309,
-0.0227557914250653,-0.0113778957125328,0.,0.0113778957125327,0.0227557914250654,
0.0455115828501308,0.0682673742751962,0.0796452699877289,0.0910231657002616,
0.113778957125327,0.136534748550392,0.147912644262925,0.159290539975458,
0.182046331400523,0.204802122825589,0.216180018538121,0.227557914250654,
0.238935809963187,0.250313705675719,0.273069497100785,0.29582528852585,
0.307203184238383,0.318581079950916,0.341336871375981,0.364092662801047,
0.375470558513579,0.386848454226112,0.409604245651177,0.432360037076243,
0.455115828501308,0.466493724213841,0.477871619926374,0.500627411351439,
0.523383202776504,0.534761098489037,0.54613899420157,0.557516889914102,
0.568894785626635,0.591650577051701,0.614406368476766,0.625784264189299,
0.637162159901831,0.659917951326897,0.682673742751962,0.694051638464495,
0.705429534177028,0.71680742988956,0.728185325602093,0.750941117027158,
0.773696908452224,0.785074804164757,0.796452699877289,0.819208491302355,
0.84196428272742,0.853342178439953,0.864720074152486,0.887475865577551,
0.910231657002616,0.932987448427682,0.955743239852747,0.978499031277813,
0.989876926990345,1.00125482270288,1.01263271841541,1.02401061412794,1.04676640555301,
1.06952219697807,1.08090009269061,1.09227798840314,1.1150337798282,1.13778957125327,
1.16054536267834,1.17192325839087,1.1833011541034,1.20605694552847,1.22881273695353,
1.24019063266606,1.2515685283786,1.27432431980366,1.29708011122873,1.31983590265379,
1.33121379836633,1.34259169407886,1.36534748550392,1.38810327692899,1.41085906835406,
1.43361485977912,1.44499275549165,1.45637065120419,1.46774854691672,1.47912644262925,
1.50188223405432),.UNSPECIFIED.);
#43=B_SPLINE_CURVE_WITH_KNOTS('',3,(#1640,#1641,#1642,#1643,#1644,#1645,
#1646,#1647,#1648,#1649,#1650,#1651,#1652,#1653,#1654,#1655,#1656,#1657,
#1658,#1659,#1660,#1661,#1662,#1663,#1664,#1665,#1666,#1667,#1668,#1669,
#1670,#1671,#1672,#1673,#1674,#1675,#1676,#1677,#1678,#1679,#1680,#1681,
#1682,#1683,#1684,#1685,#1686,#1687,#1688,#1689,#1690,#1691,#1692,#1693,
#1694,#1695,#1696,#1697,#1698,#1699,#1700,#1701,#1702,#1703,#1704,#1705,
#1706,#1707,#1708,#1709,#1710,#1711,#1712,#1713,#1714,#1715,#1716,#1717,
#1718,#1719,#1720,#1721,#1722,#1723,#1724,#1725,#1726,#1727,#1728,#1729),
 .UNSPECIFIED.,.T.,.F.,(1,1,1,1,1,1,1,1,1,1,1,1,1,1,1,1,1,1,1,1,1,1,1,1,
1,1,1,1,1,1,1,1,1,1,1,1,1,1,1,1,1,1,1,1,1,1,1,1,1,1,1,1,1,1,1,1,1,1,1,1,
1,1,1,1,1,1,1,1,1,1,1,1,1,1,1,1,1,1,1,1,1,1,1,1,1,1,1,1,1,1,1,1,1,1),(-0.0458833912409964,
-0.022941695620498,-0.0114708478102488,2.22044604925031E-16,0.0114708478102494,
0.0229416956204985,0.0458833912409969,0.0688250868614952,0.0802959346717443,
0.0917667824819935,0.114708478102492,0.13765017372299,0.149121021533239,
0.160591869343488,0.183533564963987,0.206475260584485,0.217946108394734,
0.229416956204983,0.240887804015233,0.252358651825482,0.27530034744598,
0.298242043066478,0.321183738686977,0.344125434307475,0.367067129927973,
0.378537977738222,0.390008825548472,0.41295052116897,0.435892216789468,
0.447363064599717,0.458833912409967,0.470304760220216,0.481775608030465,
0.504717303650963,0.527658999271462,0.55060069489196,0.573542390512458,
0.596484086132957,0.607954933943206,0.619425781753455,0.642367477373953,
0.665309172994451,0.676780020804701,0.68825086861495,0.699721716425199,
0.711192564235448,0.734134259855946,0.757075955476445,0.780017651096943,
0.802959346717441,0.82590104233794,0.837371890148189,0.848842737958438,
0.860313585768687,0.871784433578936,0.894726129199435,0.917667824819933,
0.929138672630182,0.940609520440431,0.96355121606093,0.986492911681428,
1.00943460730193,1.02090545511218,1.03237630292242,1.05531799854292,1.07825969416342,
1.08973054197367,1.10120138978392,1.11267223759417,1.12414308540442,1.14708478102492,
1.15855562883517,1.17002647664541,1.19296817226591,1.21590986788641,1.22738071569666,
1.23885156350691,1.26179325912741,1.28473495474791,1.29620580255816,1.3076766503684,
1.31914749817865,1.3306183459889,1.3535600416094,1.3765017372299,1.38797258504015,
1.3994434328504,1.4223851284709,1.44532682409139,1.45679767190164,1.46826851971189,
1.47973936752214,1.49121021533239,1.51415191095289),.UNSPECIFIED.);
#44=B_SPLINE_CURVE_WITH_KNOTS('',3,(#1734,#1735,#1736,#1737,#1738,#1739,
#1740,#1741,#1742,#1743,#1744,#1745,#1746,#1747,#1748,#1749,#1750,#1751,
#1752,#1753,#1754,#1755,#1756,#1757,#1758,#1759,#1760,#1761,#1762,#1763,
#1764,#1765,#1766,#1767,#1768),.UNSPECIFIED.,.F.,.F.,(4,1,1,1,1,1,1,1,1,
1,1,1,1,1,1,1,1,1,1,1,1,1,1,1,1,1,1,1,1,1,1,1,4),(0.108194121556383,0.135995868820821,
0.163797616085259,0.177698489717478,0.191599363349697,0.205500236981916,
0.212450673798025,0.219401110614135,0.233301984246353,0.247202857878572,
0.261103731510791,0.268054168326901,0.27500460514301,0.28195504195912,0.288905478775229,
0.295855915591338,0.302806352407448,0.309756789223557,0.316707226039667,
0.323657662855776,0.330608099671886,0.344508973304105,0.351459410120214,
0.358409846936323,0.372310720568542,0.386211594200761,0.40011246783298,
0.414013341465199,0.427914215097418,0.441815088729637,0.469616835994075,
0.497418583258512,0.553022077787388),.UNSPECIFIED.);
#45=B_SPLINE_CURVE_WITH_KNOTS('',3,(#1771,#1772,#1773,#1774,#1775,#1776,
#1777,#1778,#1779,#1780,#1781,#1782,#1783,#1784,#1785,#1786,#1787,#1788,
#1789,#1790,#1791,#1792,#1793,#1794,#1795,#1796,#1797,#1798,#1799,#1800,
#1801,#1802,#1803,#1804,#1805,#1806,#1807,#1808,#1809,#1810,#1811,#1812,
#1813,#1814,#1815,#1816,#1817,#1818,#1819,#1820,#1821,#1822,#1823,#1824,
#1825,#1826,#1827,#1828,#1829,#1830,#1831,#1832,#1833,#1834,#1835,#1836,
#1837,#1838,#1839,#1840,#1841,#1842,#1843,#1844,#1845),.UNSPECIFIED.,.F.,
 .F.,(4,1,1,1,1,1,1,1,1,1,1,1,1,1,1,1,1,1,1,1,1,1,1,1,1,1,1,1,1,1,1,1,1,
1,1,1,1,1,1,1,1,1,1,1,1,1,1,1,1,1,1,1,1,1,1,1,1,1,1,1,1,1,1,1,1,1,1,1,1,
1,1,1,4),(0.798575481105763,0.817373154553609,0.836170828001455,0.854968501449301,
0.873766174897147,0.892563848344993,0.911361521792839,0.930159195240685,
0.948956868688531,0.967754542136377,0.986552215584223,0.995951052308146,
1.00534988903207,1.02414756247991,1.04294523592776,1.06174290937561,1.07114174609953,
1.08054058282345,1.0993382562713,1.11813592971914,1.13693360316699,1.14633243989091,
1.15573127661484,1.17452895006268,1.19332662351053,1.21212429695837,1.2215231336823,
1.23092197040622,1.24971964385407,1.26851731730191,1.28731499074976,1.3061126641976,
1.32491033764545,1.3437080110933,1.36250568454114,1.38130335798899,1.39070219471291,
1.40010103143683,1.41889870488468,1.43769637833253,1.44709521505645,1.45649405178037,
1.47529172522822,1.49408939867607,1.51288707212391,1.53168474557176,1.5504824190196,
1.56928009246745,1.5880777659153,1.60687543936314,1.62567311281099,1.64447078625883,
1.66326845970668,1.68206613315453,1.70086380660237,1.71966148005022,1.73845915349806,
1.74785799022199,1.75725682694591,1.77605450039376,1.7948521738416,1.81364984728945,
1.83244752073729,1.84184635746122,1.85124519418514,1.87004286763299,1.88884054108083,
1.90763821452868,1.92643588797652,1.94523356142437,1.96403123487222,1.98282890832006,
2.00162658176791),.UNSPECIFIED.);
#46=B_SPLINE_CURVE_WITH_KNOTS('',3,(#1847,#1848,#1849,#1850,#1851,#1852,
#1853,#1854,#1855,#1856,#1857,#1858,#1859,#1860,#1861,#1862,#1863,#1864,
#1865,#1866,#1867,#1868,#1869,#1870,#1871,#1872,#1873,#1874,#1875,#1876,
#1877,#1878,#1879,#1880,#1881,#1882,#1883,#1884,#1885,#1886,#1887,#1888,
#1889,#1890,#1891,#1892,#1893,#1894,#1895,#1896,#1897,#1898,#1899,#1900,
#1901,#1902,#1903,#1904,#1905,#1906,#1907,#1908,#1909,#1910,#1911,#1912,
#1913,#1914,#1915,#1916,#1917,#1918,#1919,#1920,#1921,#1922,#1923,#1924,
#1925,#1926,#1927,#1928,#1929,#1930,#1931,#1932,#1933,#1934),
 .UNSPECIFIED.,.T.,.F.,(1,1,1,1,1,1,1,1,1,1,1,1,1,1,1,1,1,1,1,1,1,1,1,1,
1,1,1,1,1,1,1,1,1,1,1,1,1,1,1,1,1,1,1,1,1,1,1,1,1,1,1,1,1,1,1,1,1,1,1,1,
1,1,1,1,1,1,1,1,1,1,1,1,1,1,1,1,1,1,1,1,1,1,1,1,1,1,1,1,1,1,1,1),(-0.0451712767510173,
-0.0225856383755085,-0.0112928191877544,0.,0.0112928191877543,0.0225856383755086,
0.0451712767510171,0.0677569151265257,0.0790497343142799,0.0903425535020342,
0.112928191877543,0.135513830253051,0.15809946862856,0.180685107004068,
0.203270745379577,0.214563564567331,0.225856383755086,0.248442022130594,
0.271027660506103,0.293613298881611,0.304906118069366,0.31619893725712,
0.338784575632628,0.361370214008137,0.372663033195891,0.383955852383645,
0.3952486715714,0.406541490759154,0.429127129134663,0.451712767510171,0.47429840588568,
0.496884044261188,0.519469682636697,0.530762501824451,0.542055321012205,
0.55334814019996,0.564640959387714,0.587226597763223,0.609812236138731,
0.621105055326485,0.63239787451424,0.654983512889748,0.677569151265257,
0.688861970453011,0.700154789640765,0.722740428016274,0.745326066391782,
0.756618885579537,0.767911704767291,0.779204523955045,0.7904973431428,0.813082981518308,
0.835668619893817,0.846961439081571,0.858254258269325,0.880839896644834,
0.903425535020342,0.914718354208096,0.926011173395851,0.948596811771359,
0.971182450146868,0.993768088522376,1.00506090771013,1.01635372689789,1.03893936527339,
1.0615250036489,1.08411064202441,1.10669628039992,1.12928191877543,1.14057473796318,
1.15186755715094,1.16316037633869,1.17445319552645,1.19703883390195,1.21962447227746,
1.24221011065297,1.26479574902848,1.28738138740399,1.29867420659174,1.3099670257795,
1.32125984496725,1.332552664155,1.35513830253051,1.37772394090602,1.38901676009378,
1.40030957928153,1.42289521765704,1.43418803684479,1.44548085603255,1.4567736752203,
1.46806649440806,1.49065213278356),.UNSPECIFIED.);
#47=B_SPLINE_CURVE_WITH_KNOTS('',3,(#1936,#1937,#1938,#1939,#1940,#1941,
#1942,#1943,#1944,#1945,#1946,#1947,#1948,#1949,#1950,#1951,#1952,#1953,
#1954,#1955,#1956,#1957,#1958,#1959,#1960,#1961,#1962,#1963,#1964,#1965,
#1966,#1967),.UNSPECIFIED.,.F.,.F.,(4,1,1,1,1,1,1,1,1,1,1,1,1,1,1,1,1,1,
1,1,1,1,1,1,1,1,1,1,1,4),(0.106334965265137,0.126256773151442,0.131237225123019,
0.136217677094595,0.146178581037748,0.156139484980901,0.166100388924054,
0.176061292867206,0.186022196810359,0.195983100753512,0.205944004696665,
0.225865812582971,0.235826716526124,0.245787620469276,0.265709428355582,
0.275670332298735,0.285631236241888,0.305553044128193,0.315513948071346,
0.325474852014499,0.335435755957652,0.345396659900805,0.355357563843958,
0.36531846778711,0.375279371730263,0.385240275673416,0.395201179616569,
0.405162083559722,0.415122987502875,0.425083891446027),.UNSPECIFIED.);
#48=B_SPLINE_CURVE_WITH_KNOTS('',3,(#1975,#1976,#1977,#1978,#1979,#1980,
#1981,#1982,#1983,#1984,#1985,#1986,#1987,#1988,#1989,#1990,#1991,#1992,
#1993,#1994,#1995,#1996,#1997,#1998,#1999,#2000,#2001,#2002,#2003,#2004,
#2005,#2006,#2007,#2008,#2009,#2010,#2011,#2012,#2013,#2014,#2015,#2016,
#2017,#2018,#2019,#2020,#2021,#2022,#2023,#2024,#2025,#2026,#2027,#2028,
#2029,#2030,#2031,#2032,#2033,#2034,#2035,#2036,#2037,#2038,#2039,#2040,
#2041,#2042,#2043,#2044,#2045,#2046,#2047,#2048,#2049,#2050,#2051,#2052,
#2053,#2054,#2055,#2056,#2057,#2058,#2059,#2060,#2061,#2062,#2063),
 .UNSPECIFIED.,.T.,.F.,(1,1,1,1,1,1,1,1,1,1,1,1,1,1,1,1,1,1,1,1,1,1,1,1,
1,1,1,1,1,1,1,1,1,1,1,1,1,1,1,1,1,1,1,1,1,1,1,1,1,1,1,1,1,1,1,1,1,1,1,1,
1,1,1,1,1,1,1,1,1,1,1,1,1,1,1,1,1,1,1,1,1,1,1,1,1,1,1,1,1,1,1,1,1),(-0.0455115828501309,
-0.0227557914250656,-0.0113778957125328,0.,0.0113778957125327,0.0227557914250655,
0.0455115828501309,0.0682673742751964,0.0796452699877291,0.0910231657002618,
0.113778957125327,0.136534748550393,0.147912644262925,0.159290539975458,
0.182046331400524,0.204802122825589,0.216180018538122,0.227557914250655,
0.238935809963187,0.25031370567572,0.273069497100786,0.295825288525851,
0.307203184238384,0.318581079950916,0.341336871375982,0.364092662801047,
0.37547055851358,0.386848454226113,0.409604245651178,0.432360037076244,
0.455115828501309,0.466493724213842,0.477871619926375,0.50062741135144,
0.523383202776506,0.534761098489038,0.546138994201571,0.557516889914104,
0.568894785626637,0.591650577051702,0.614406368476767,0.6257842641893,0.637162159901833,
0.659917951326898,0.682673742751964,0.694051638464497,0.705429534177029,
0.716807429889562,0.728185325602095,0.75094111702716,0.773696908452226,
0.785074804164758,0.796452699877291,0.819208491302357,0.841964282727422,
0.853342178439955,0.864720074152487,0.887475865577553,0.910231657002618,
0.932987448427684,0.955743239852749,0.978499031277815,0.989876926990348,
1.00125482270288,1.01263271841541,1.02401061412795,1.04676640555301,1.06952219697808,
1.08090009269061,1.09227798840314,1.11503377982821,1.13778957125327,1.16054536267834,
1.17192325839087,1.1833011541034,1.20605694552847,1.22881273695353,1.24019063266607,
1.2515685283786,1.27432431980367,1.29708011122873,1.3198359026538,1.33121379836633,
1.34259169407886,1.36534748550393,1.38810327692899,1.41085906835406,1.43361485977912,
1.44499275549166,1.45637065120419,1.46774854691672,1.47912644262925,1.50188223405432),
 .UNSPECIFIED.);
#49=CONTEXT_DEPENDENT_SHAPE_REPRESENTATION(#67,#2143);
#50=CONTEXT_DEPENDENT_SHAPE_REPRESENTATION(#68,#2145);
#51=CONTEXT_DEPENDENT_SHAPE_REPRESENTATION(#69,#2147);
#52=CONTEXT_DEPENDENT_SHAPE_REPRESENTATION(#70,#2149);
#53=CONTEXT_DEPENDENT_SHAPE_REPRESENTATION(#71,#2151);
#54=CONTEXT_DEPENDENT_SHAPE_REPRESENTATION(#72,#2153);
#55=CONTEXT_DEPENDENT_SHAPE_REPRESENTATION(#73,#2155);
#56=CONTEXT_DEPENDENT_SHAPE_REPRESENTATION(#74,#2157);
#57=CONTEXT_DEPENDENT_SHAPE_REPRESENTATION(#75,#2158);
#58=NEXT_ASSEMBLY_USAGE_OCCURRENCE('NAUO1','concrete pit',
'concrete pit',#2160,#2161,'');
#59=NEXT_ASSEMBLY_USAGE_OCCURRENCE('NAUO2','steelwater thermal shield',
'steelwater thermal shield',#2160,#2162,'');
#60=NEXT_ASSEMBLY_USAGE_OCCURRENCE('NAUO3','concrete removable shield',
'concrete removable shield',#2160,#2163,'');
#61=NEXT_ASSEMBLY_USAGE_OCCURRENCE('NAUO4','inor-8 outlet pipe',
'inor-8 outlet pipe',#2160,#2164,'');
#62=NEXT_ASSEMBLY_USAGE_OCCURRENCE('NAUO5','watersand shield',
'watersand shield',#2160,#2165,'');
#63=NEXT_ASSEMBLY_USAGE_OCCURRENCE('NAUO6','insulation thermal shield',
'insulation thermal shield',#2160,#2166,'');
#64=NEXT_ASSEMBLY_USAGE_OCCURRENCE('NAUO7','steel containment vessel',
'steel containment vessel',#2160,#2167,'');
#65=NEXT_ASSEMBLY_USAGE_OCCURRENCE('NAUO8','inor-8 inlet pipe',
'inor-8 inlet pipe',#2160,#2168,'');
#66=NEXT_ASSEMBLY_USAGE_OCCURRENCE('NAUO9','pit <1>','pit <1>',#2159,#2160,
'');
#67=(
REPRESENTATION_RELATIONSHIP(' ',' ',#809,#808)
REPRESENTATION_RELATIONSHIP_WITH_TRANSFORMATION(#76)
SHAPE_REPRESENTATION_RELATIONSHIP()
);
#68=(
REPRESENTATION_RELATIONSHIP(' ',' ',#810,#808)
REPRESENTATION_RELATIONSHIP_WITH_TRANSFORMATION(#77)
SHAPE_REPRESENTATION_RELATIONSHIP()
);
#69=(
REPRESENTATION_RELATIONSHIP(' ',' ',#811,#808)
REPRESENTATION_RELATIONSHIP_WITH_TRANSFORMATION(#78)
SHAPE_REPRESENTATION_RELATIONSHIP()
);
#70=(
REPRESENTATION_RELATIONSHIP(' ',' ',#812,#808)
REPRESENTATION_RELATIONSHIP_WITH_TRANSFORMATION(#79)
SHAPE_REPRESENTATION_RELATIONSHIP()
);
#71=(
REPRESENTATION_RELATIONSHIP(' ',' ',#813,#808)
REPRESENTATION_RELATIONSHIP_WITH_TRANSFORMATION(#80)
SHAPE_REPRESENTATION_RELATIONSHIP()
);
#72=(
REPRESENTATION_RELATIONSHIP(' ',' ',#814,#808)
REPRESENTATION_RELATIONSHIP_WITH_TRANSFORMATION(#81)
SHAPE_REPRESENTATION_RELATIONSHIP()
);
#73=(
REPRESENTATION_RELATIONSHIP(' ',' ',#815,#808)
REPRESENTATION_RELATIONSHIP_WITH_TRANSFORMATION(#82)
SHAPE_REPRESENTATION_RELATIONSHIP()
);
#74=(
REPRESENTATION_RELATIONSHIP(' ',' ',#816,#808)
REPRESENTATION_RELATIONSHIP_WITH_TRANSFORMATION(#83)
SHAPE_REPRESENTATION_RELATIONSHIP()
);
#75=(
REPRESENTATION_RELATIONSHIP(' ',' ',#808,#807)
REPRESENTATION_RELATIONSHIP_WITH_TRANSFORMATION(#84)
SHAPE_REPRESENTATION_RELATIONSHIP()
);
#76=ITEM_DEFINED_TRANSFORMATION(' ',' ',#817,#831);
#77=ITEM_DEFINED_TRANSFORMATION(' ',' ',#817,#851);
#78=ITEM_DEFINED_TRANSFORMATION(' ',' ',#817,#857);
#79=ITEM_DEFINED_TRANSFORMATION(' ',' ',#817,#871);
#80=ITEM_DEFINED_TRANSFORMATION(' ',' ',#817,#884);
#81=ITEM_DEFINED_TRANSFORMATION(' ',' ',#817,#905);
#82=ITEM_DEFINED_TRANSFORMATION(' ',' ',#817,#915);
#83=ITEM_DEFINED_TRANSFORMATION(' ',' ',#817,#929);
#84=ITEM_DEFINED_TRANSFORMATION(' ',' ',#817,#930);
#85=SHAPE_REPRESENTATION_RELATIONSHIP('','',#809,#93);
#86=SHAPE_REPRESENTATION_RELATIONSHIP('','',#810,#94);
#87=SHAPE_REPRESENTATION_RELATIONSHIP('','',#811,#95);
#88=SHAPE_REPRESENTATION_RELATIONSHIP('','',#812,#96);
#89=SHAPE_REPRESENTATION_RELATIONSHIP('','',#813,#97);
#90=SHAPE_REPRESENTATION_RELATIONSHIP('','',#814,#98);
#91=SHAPE_REPRESENTATION_RELATIONSHIP('','',#815,#99);
#92=SHAPE_REPRESENTATION_RELATIONSHIP('','',#816,#100);
#93=ADVANCED_BREP_SHAPE_REPRESENTATION('',(#789),#2119);
#94=ADVANCED_BREP_SHAPE_REPRESENTATION('',(#790),#2120);
#95=ADVANCED_BREP_SHAPE_REPRESENTATION('',(#791),#2121);
#96=ADVANCED_BREP_SHAPE_REPRESENTATION('',(#792),#2122);
#97=ADVANCED_BREP_SHAPE_REPRESENTATION('',(#793),#2123);
#98=ADVANCED_BREP_SHAPE_REPRESENTATION('',(#794),#2124);
#99=ADVANCED_BREP_SHAPE_REPRESENTATION('',(#795),#2125);
#100=ADVANCED_BREP_SHAPE_REPRESENTATION('',(#796),#2126);
#101=PLANE('',#821);
#102=PLANE('',#825);
#103=PLANE('',#829);
#104=PLANE('',#830);
#105=PLANE('',#840);
#106=PLANE('',#844);
#107=PLANE('',#845);
#108=PLANE('',#846);
#109=PLANE('',#847);
#110=PLANE('',#848);
#111=PLANE('',#852);
#112=PLANE('',#856);
#113=PLANE('',#866);
#114=PLANE('',#867);
#115=PLANE('',#870);
#116=PLANE('',#877);
#117=PLANE('',#881);
#118=PLANE('',#894);
#119=PLANE('',#895);
#120=PLANE('',#896);
#121=PLANE('',#900);
#122=PLANE('',#901);
#123=PLANE('',#902);
#124=PLANE('',#909);
#125=PLANE('',#924);
#126=PLANE('',#925);
#127=PLANE('',#928);
#128=ORIENTED_EDGE('',*,*,#260,.T.);
#129=ORIENTED_EDGE('',*,*,#261,.F.);
#130=ORIENTED_EDGE('',*,*,#262,.F.);
#131=ORIENTED_EDGE('',*,*,#261,.T.);
#132=ORIENTED_EDGE('',*,*,#262,.T.);
#133=ORIENTED_EDGE('',*,*,#263,.F.);
#134=ORIENTED_EDGE('',*,*,#264,.F.);
#135=ORIENTED_EDGE('',*,*,#263,.T.);
#136=ORIENTED_EDGE('',*,*,#265,.F.);
#137=ORIENTED_EDGE('',*,*,#264,.T.);
#138=ORIENTED_EDGE('',*,*,#265,.T.);
#139=ORIENTED_EDGE('',*,*,#260,.F.);
#140=ORIENTED_EDGE('',*,*,#266,.T.);
#141=ORIENTED_EDGE('',*,*,#267,.T.);
#142=ORIENTED_EDGE('',*,*,#268,.F.);
#143=ORIENTED_EDGE('',*,*,#269,.T.);
#144=ORIENTED_EDGE('',*,*,#270,.T.);
#145=ORIENTED_EDGE('',*,*,#271,.F.);
#146=ORIENTED_EDGE('',*,*,#272,.F.);
#147=ORIENTED_EDGE('',*,*,#273,.F.);
#148=ORIENTED_EDGE('',*,*,#274,.F.);
#149=ORIENTED_EDGE('',*,*,#275,.F.);
#150=ORIENTED_EDGE('',*,*,#276,.T.);
#151=ORIENTED_EDGE('',*,*,#277,.T.);
#152=ORIENTED_EDGE('',*,*,#278,.F.);
#153=ORIENTED_EDGE('',*,*,#279,.T.);
#154=ORIENTED_EDGE('',*,*,#274,.T.);
#155=ORIENTED_EDGE('',*,*,#280,.F.);
#156=ORIENTED_EDGE('',*,*,#280,.T.);
#157=ORIENTED_EDGE('',*,*,#281,.F.);
#158=ORIENTED_EDGE('',*,*,#267,.F.);
#159=ORIENTED_EDGE('',*,*,#281,.T.);
#160=ORIENTED_EDGE('',*,*,#277,.F.);
#161=ORIENTED_EDGE('',*,*,#282,.T.);
#162=ORIENTED_EDGE('',*,*,#271,.T.);
#163=ORIENTED_EDGE('',*,*,#283,.F.);
#164=ORIENTED_EDGE('',*,*,#275,.T.);
#165=ORIENTED_EDGE('',*,*,#284,.F.);
#166=ORIENTED_EDGE('',*,*,#269,.F.);
#167=ORIENTED_EDGE('',*,*,#285,.T.);
#168=ORIENTED_EDGE('',*,*,#268,.T.);
#169=ORIENTED_EDGE('',*,*,#282,.F.);
#170=ORIENTED_EDGE('',*,*,#276,.F.);
#171=ORIENTED_EDGE('',*,*,#285,.F.);
#172=ORIENTED_EDGE('',*,*,#270,.F.);
#173=ORIENTED_EDGE('',*,*,#284,.T.);
#174=ORIENTED_EDGE('',*,*,#278,.T.);
#175=ORIENTED_EDGE('',*,*,#283,.T.);
#176=ORIENTED_EDGE('',*,*,#279,.F.);
#177=ORIENTED_EDGE('',*,*,#272,.T.);
#178=ORIENTED_EDGE('',*,*,#273,.T.);
#179=ORIENTED_EDGE('',*,*,#266,.F.);
#180=ORIENTED_EDGE('',*,*,#286,.F.);
#181=ORIENTED_EDGE('',*,*,#286,.T.);
#182=ORIENTED_EDGE('',*,*,#287,.F.);
#183=ORIENTED_EDGE('',*,*,#287,.T.);
#184=ORIENTED_EDGE('',*,*,#288,.T.);
#185=ORIENTED_EDGE('',*,*,#289,.T.);
#186=ORIENTED_EDGE('',*,*,#290,.F.);
#187=ORIENTED_EDGE('',*,*,#291,.T.);
#188=ORIENTED_EDGE('',*,*,#291,.F.);
#189=ORIENTED_EDGE('',*,*,#292,.T.);
#190=ORIENTED_EDGE('',*,*,#290,.T.);
#191=ORIENTED_EDGE('',*,*,#293,.T.);
#192=ORIENTED_EDGE('',*,*,#292,.F.);
#193=ORIENTED_EDGE('',*,*,#288,.F.);
#194=ORIENTED_EDGE('',*,*,#293,.F.);
#195=ORIENTED_EDGE('',*,*,#289,.F.);
#196=ORIENTED_EDGE('',*,*,#294,.T.);
#197=ORIENTED_EDGE('',*,*,#295,.F.);
#198=ORIENTED_EDGE('',*,*,#295,.T.);
#199=ORIENTED_EDGE('',*,*,#296,.F.);
#200=ORIENTED_EDGE('',*,*,#296,.T.);
#201=ORIENTED_EDGE('',*,*,#297,.F.);
#202=ORIENTED_EDGE('',*,*,#298,.F.);
#203=ORIENTED_EDGE('',*,*,#297,.T.);
#204=ORIENTED_EDGE('',*,*,#299,.F.);
#205=ORIENTED_EDGE('',*,*,#298,.T.);
#206=ORIENTED_EDGE('',*,*,#299,.T.);
#207=ORIENTED_EDGE('',*,*,#294,.F.);
#208=ORIENTED_EDGE('',*,*,#300,.T.);
#209=ORIENTED_EDGE('',*,*,#301,.F.);
#210=ORIENTED_EDGE('',*,*,#302,.F.);
#211=ORIENTED_EDGE('',*,*,#303,.F.);
#212=ORIENTED_EDGE('',*,*,#304,.F.);
#213=ORIENTED_EDGE('',*,*,#305,.T.);
#214=ORIENTED_EDGE('',*,*,#306,.T.);
#215=ORIENTED_EDGE('',*,*,#307,.F.);
#216=ORIENTED_EDGE('',*,*,#305,.F.);
#217=ORIENTED_EDGE('',*,*,#306,.F.);
#218=ORIENTED_EDGE('',*,*,#308,.F.);
#219=ORIENTED_EDGE('',*,*,#309,.T.);
#220=ORIENTED_EDGE('',*,*,#310,.T.);
#221=ORIENTED_EDGE('',*,*,#311,.T.);
#222=ORIENTED_EDGE('',*,*,#312,.F.);
#223=ORIENTED_EDGE('',*,*,#302,.T.);
#224=ORIENTED_EDGE('',*,*,#313,.F.);
#225=ORIENTED_EDGE('',*,*,#309,.F.);
#226=ORIENTED_EDGE('',*,*,#300,.F.);
#227=ORIENTED_EDGE('',*,*,#314,.T.);
#228=ORIENTED_EDGE('',*,*,#314,.F.);
#229=ORIENTED_EDGE('',*,*,#315,.T.);
#230=ORIENTED_EDGE('',*,*,#308,.T.);
#231=ORIENTED_EDGE('',*,*,#315,.F.);
#232=ORIENTED_EDGE('',*,*,#310,.F.);
#233=ORIENTED_EDGE('',*,*,#313,.T.);
#234=ORIENTED_EDGE('',*,*,#303,.T.);
#235=ORIENTED_EDGE('',*,*,#312,.T.);
#236=ORIENTED_EDGE('',*,*,#311,.F.);
#237=ORIENTED_EDGE('',*,*,#301,.T.);
#238=ORIENTED_EDGE('',*,*,#304,.T.);
#239=ORIENTED_EDGE('',*,*,#307,.T.);
#240=ORIENTED_EDGE('',*,*,#316,.T.);
#241=ORIENTED_EDGE('',*,*,#317,.F.);
#242=ORIENTED_EDGE('',*,*,#318,.F.);
#243=ORIENTED_EDGE('',*,*,#317,.T.);
#244=ORIENTED_EDGE('',*,*,#319,.F.);
#245=ORIENTED_EDGE('',*,*,#318,.T.);
#246=ORIENTED_EDGE('',*,*,#319,.T.);
#247=ORIENTED_EDGE('',*,*,#316,.F.);
#248=ORIENTED_EDGE('',*,*,#320,.T.);
#249=ORIENTED_EDGE('',*,*,#321,.F.);
#250=ORIENTED_EDGE('',*,*,#322,.F.);
#251=ORIENTED_EDGE('',*,*,#323,.T.);
#252=ORIENTED_EDGE('',*,*,#323,.F.);
#253=ORIENTED_EDGE('',*,*,#324,.T.);
#254=ORIENTED_EDGE('',*,*,#322,.T.);
#255=ORIENTED_EDGE('',*,*,#325,.F.);
#256=ORIENTED_EDGE('',*,*,#324,.F.);
#257=ORIENTED_EDGE('',*,*,#320,.F.);
#258=ORIENTED_EDGE('',*,*,#325,.T.);
#259=ORIENTED_EDGE('',*,*,#321,.T.);
#260=EDGE_CURVE('',#326,#326,#384,.T.);
#261=EDGE_CURVE('',#327,#327,#385,.T.);
#262=EDGE_CURVE('',#328,#328,#386,.T.);
#263=EDGE_CURVE('',#329,#329,#387,.T.);
#264=EDGE_CURVE('',#330,#330,#388,.T.);
#265=EDGE_CURVE('',#331,#331,#389,.T.);
#266=EDGE_CURVE('',#332,#332,#39,.T.);
#267=EDGE_CURVE('',#333,#333,#390,.T.);
#268=EDGE_CURVE('',#334,#335,#19,.T.);
#269=EDGE_CURVE('',#334,#336,#391,.T.);
#270=EDGE_CURVE('',#336,#337,#20,.T.);
#271=EDGE_CURVE('',#335,#337,#392,.T.);
#272=EDGE_CURVE('',#338,#338,#40,.T.);
#273=EDGE_CURVE('',#339,#339,#41,.T.);
#274=EDGE_CURVE('',#340,#340,#393,.T.);
#275=EDGE_CURVE('',#341,#342,#394,.T.);
#276=EDGE_CURVE('',#341,#343,#21,.T.);
#277=EDGE_CURVE('',#343,#344,#395,.T.);
#278=EDGE_CURVE('',#342,#344,#22,.T.);
#279=EDGE_CURVE('',#345,#345,#42,.T.);
#280=EDGE_CURVE('',#346,#346,#396,.T.);
#281=EDGE_CURVE('',#347,#347,#397,.T.);
#282=EDGE_CURVE('',#343,#335,#23,.T.);
#283=EDGE_CURVE('',#344,#337,#24,.T.);
#284=EDGE_CURVE('',#336,#342,#25,.T.);
#285=EDGE_CURVE('',#334,#341,#26,.T.);
#286=EDGE_CURVE('',#348,#348,#398,.T.);
#287=EDGE_CURVE('',#349,#349,#399,.T.);
#288=EDGE_CURVE('',#350,#350,#400,.F.);
#289=EDGE_CURVE('',#351,#351,#401,.T.);
#290=EDGE_CURVE('',#352,#352,#402,.T.);
#291=EDGE_CURVE('',#353,#353,#403,.T.);
#292=EDGE_CURVE('',#354,#354,#404,.T.);
#293=EDGE_CURVE('',#355,#355,#405,.T.);
#294=EDGE_CURVE('',#356,#356,#406,.T.);
#295=EDGE_CURVE('',#357,#357,#407,.T.);
#296=EDGE_CURVE('',#358,#358,#408,.T.);
#297=EDGE_CURVE('',#359,#359,#409,.T.);
#298=EDGE_CURVE('',#360,#360,#410,.T.);
#299=EDGE_CURVE('',#361,#361,#411,.T.);
#300=EDGE_CURVE('',#362,#362,#412,.T.);
#301=EDGE_CURVE('',#362,#362,#43,.T.);
#302=EDGE_CURVE('',#363,#364,#413,.T.);
#303=EDGE_CURVE('',#364,#363,#10,.F.);
#304=EDGE_CURVE('',#365,#366,#44,.T.);
#305=EDGE_CURVE('',#365,#366,#45,.T.);
#306=EDGE_CURVE('',#367,#367,#46,.T.);
#307=EDGE_CURVE('',#366,#365,#47,.T.);
#308=EDGE_CURVE('',#368,#368,#414,.T.);
#309=EDGE_CURVE('',#369,#370,#415,.T.);
#310=EDGE_CURVE('',#370,#369,#11,.F.);
#311=EDGE_CURVE('',#371,#371,#48,.T.);
#312=EDGE_CURVE('',#363,#364,#27,.T.);
#313=EDGE_CURVE('',#370,#369,#28,.T.);
#314=EDGE_CURVE('',#372,#372,#416,.T.);
#315=EDGE_CURVE('',#373,#373,#417,.T.);
#316=EDGE_CURVE('',#374,#374,#418,.T.);
#317=EDGE_CURVE('',#375,#375,#419,.T.);
#318=EDGE_CURVE('',#376,#376,#420,.T.);
#319=EDGE_CURVE('',#377,#377,#421,.T.);
#320=EDGE_CURVE('',#378,#378,#422,.T.);
#321=EDGE_CURVE('',#379,#379,#423,.T.);
#322=EDGE_CURVE('',#380,#380,#424,.F.);
#323=EDGE_CURVE('',#381,#381,#425,.F.);
#324=EDGE_CURVE('',#382,#382,#426,.F.);
#325=EDGE_CURVE('',#383,#383,#427,.T.);
#326=VERTEX_POINT('',#1172);
#327=VERTEX_POINT('',#1174);
#328=VERTEX_POINT('',#1177);
#329=VERTEX_POINT('',#1180);
#330=VERTEX_POINT('',#1183);
#331=VERTEX_POINT('',#1186);
#332=VERTEX_POINT('',#1279);
#333=VERTEX_POINT('',#1281);
#334=VERTEX_POINT('',#1283);
#335=VERTEX_POINT('',#1284);
#336=VERTEX_POINT('',#1286);
#337=VERTEX_POINT('',#1288);
#338=VERTEX_POINT('',#1380);
#339=VERTEX_POINT('',#1471);
#340=VERTEX_POINT('',#1473);
#341=VERTEX_POINT('',#1475);
#342=VERTEX_POINT('',#1476);
#343=VERTEX_POINT('',#1478);
#344=VERTEX_POINT('',#1480);
#345=VERTEX_POINT('',#1571);
#346=VERTEX_POINT('',#1574);
#347=VERTEX_POINT('',#1577);
#348=VERTEX_POINT('',#1592);
#349=VERTEX_POINT('',#1595);
#350=VERTEX_POINT('',#1600);
#351=VERTEX_POINT('',#1602);
#352=VERTEX_POINT('',#1605);
#353=VERTEX_POINT('',#1607);
#354=VERTEX_POINT('',#1610);
#355=VERTEX_POINT('',#1614);
#356=VERTEX_POINT('',#1620);
#357=VERTEX_POINT('',#1622);
#358=VERTEX_POINT('',#1625);
#359=VERTEX_POINT('',#1628);
#360=VERTEX_POINT('',#1631);
#361=VERTEX_POINT('',#1634);
#362=VERTEX_POINT('',#1639);
#363=VERTEX_POINT('',#1731);
#364=VERTEX_POINT('',#1732);
#365=VERTEX_POINT('',#1769);
#366=VERTEX_POINT('',#1770);
#367=VERTEX_POINT('',#1935);
#368=VERTEX_POINT('',#1970);
#369=VERTEX_POINT('',#1972);
#370=VERTEX_POINT('',#1973);
#371=VERTEX_POINT('',#2064);
#372=VERTEX_POINT('',#2071);
#373=VERTEX_POINT('',#2074);
#374=VERTEX_POINT('',#2083);
#375=VERTEX_POINT('',#2085);
#376=VERTEX_POINT('',#2088);
#377=VERTEX_POINT('',#2091);
#378=VERTEX_POINT('',#2097);
#379=VERTEX_POINT('',#2099);
#380=VERTEX_POINT('',#2102);
#381=VERTEX_POINT('',#2104);
#382=VERTEX_POINT('',#2107);
#383=VERTEX_POINT('',#2111);
#384=CIRCLE('',#819,4.6228);
#385=CIRCLE('',#820,4.6228);
#386=CIRCLE('',#822,3.7592);
#387=CIRCLE('',#824,3.7592);
#388=CIRCLE('',#826,5.3848);
#389=CIRCLE('',#828,5.3848);
#390=CIRCLE('',#833,1.6002);
#391=CIRCLE('',#834,1.6002);
#392=CIRCLE('',#835,1.6002);
#393=CIRCLE('',#837,1.1938);
#394=CIRCLE('',#838,1.1938);
#395=CIRCLE('',#839,1.1938);
#396=CIRCLE('',#841,0.3048);
#397=CIRCLE('',#843,0.3048);
#398=CIRCLE('',#853,3.7084);
#399=CIRCLE('',#855,3.7084);
#400=CIRCLE('',#859,0.0646914814372);
#401=CIRCLE('',#860,0.0646914814372);
#402=CIRCLE('',#862,0.071263111135672);
#403=CIRCLE('',#863,0.071263111135672);
#404=CIRCLE('',#865,0.071263111135672);
#405=CIRCLE('',#868,0.0646914814372);
#406=CIRCLE('',#873,2.3622);
#407=CIRCLE('',#874,3.7592);
#408=CIRCLE('',#876,3.7592);
#409=CIRCLE('',#878,4.6228);
#410=CIRCLE('',#880,4.6228);
#411=CIRCLE('',#882,2.3622);
#412=CIRCLE('',#886,1.016);
#413=CIRCLE('',#887,1.016);
#414=CIRCLE('',#891,1.1938);
#415=CIRCLE('',#892,1.1938);
#416=CIRCLE('',#897,0.222738191485405);
#417=CIRCLE('',#899,0.222738191485405);
#418=CIRCLE('',#907,3.7084);
#419=CIRCLE('',#908,3.7084);
#420=CIRCLE('',#910,3.7592);
#421=CIRCLE('',#912,3.7592);
#422=CIRCLE('',#917,0.0646914814372);
#423=CIRCLE('',#918,0.0646914814372);
#424=CIRCLE('',#920,0.071263111135672);
#425=CIRCLE('',#921,0.071263111135672);
#426=CIRCLE('',#923,0.071263111135672);
#427=CIRCLE('',#926,0.0646914814372);
#428=EDGE_LOOP('',(#128));
#429=EDGE_LOOP('',(#129));
#430=EDGE_LOOP('',(#130));
#431=EDGE_LOOP('',(#131));
#432=EDGE_LOOP('',(#132));
#433=EDGE_LOOP('',(#133));
#434=EDGE_LOOP('',(#134));
#435=EDGE_LOOP('',(#135));
#436=EDGE_LOOP('',(#136));
#437=EDGE_LOOP('',(#137));
#438=EDGE_LOOP('',(#138));
#439=EDGE_LOOP('',(#139));
#440=EDGE_LOOP('',(#140));
#441=EDGE_LOOP('',(#141));
#442=EDGE_LOOP('',(#142,#143,#144,#145));
#443=EDGE_LOOP('',(#146));
#444=EDGE_LOOP('',(#147));
#445=EDGE_LOOP('',(#148));
#446=EDGE_LOOP('',(#149,#150,#151,#152));
#447=EDGE_LOOP('',(#153));
#448=EDGE_LOOP('',(#154));
#449=EDGE_LOOP('',(#155));
#450=EDGE_LOOP('',(#156));
#451=EDGE_LOOP('',(#157));
#452=EDGE_LOOP('',(#158));
#453=EDGE_LOOP('',(#159));
#454=EDGE_LOOP('',(#160,#161,#162,#163));
#455=EDGE_LOOP('',(#164,#165,#166,#167));
#456=EDGE_LOOP('',(#168,#169,#170,#171));
#457=EDGE_LOOP('',(#172,#173,#174,#175));
#458=EDGE_LOOP('',(#176));
#459=EDGE_LOOP('',(#177));
#460=EDGE_LOOP('',(#178));
#461=EDGE_LOOP('',(#179));
#462=EDGE_LOOP('',(#180));
#463=EDGE_LOOP('',(#181));
#464=EDGE_LOOP('',(#182));
#465=EDGE_LOOP('',(#183));
#466=EDGE_LOOP('',(#184));
#467=EDGE_LOOP('',(#185));
#468=EDGE_LOOP('',(#186));
#469=EDGE_LOOP('',(#187));
#470=EDGE_LOOP('',(#188));
#471=EDGE_LOOP('',(#189));
#472=EDGE_LOOP('',(#190));
#473=EDGE_LOOP('',(#191));
#474=EDGE_LOOP('',(#192));
#475=EDGE_LOOP('',(#193));
#476=EDGE_LOOP('',(#194));
#477=EDGE_LOOP('',(#195));
#478=EDGE_LOOP('',(#196));
#479=EDGE_LOOP('',(#197));
#480=EDGE_LOOP('',(#198));
#481=EDGE_LOOP('',(#199));
#482=EDGE_LOOP('',(#200));
#483=EDGE_LOOP('',(#201));
#484=EDGE_LOOP('',(#202));
#485=EDGE_LOOP('',(#203));
#486=EDGE_LOOP('',(#204));
#487=EDGE_LOOP('',(#205));
#488=EDGE_LOOP('',(#206));
#489=EDGE_LOOP('',(#207));
#490=EDGE_LOOP('',(#208,#209));
#491=EDGE_LOOP('',(#210,#211));
#492=EDGE_LOOP('',(#212,#213));
#493=EDGE_LOOP('',(#214));
#494=EDGE_LOOP('',(#215,#216));
#495=EDGE_LOOP('',(#217));
#496=EDGE_LOOP('',(#218));
#497=EDGE_LOOP('',(#219,#220));
#498=EDGE_LOOP('',(#221));
#499=EDGE_LOOP('',(#222,#223));
#500=EDGE_LOOP('',(#224,#225));
#501=EDGE_LOOP('',(#226));
#502=EDGE_LOOP('',(#227));
#503=EDGE_LOOP('',(#228));
#504=EDGE_LOOP('',(#229));
#505=EDGE_LOOP('',(#230));
#506=EDGE_LOOP('',(#231));
#507=EDGE_LOOP('',(#232,#233));
#508=EDGE_LOOP('',(#234,#235));
#509=EDGE_LOOP('',(#236));
#510=EDGE_LOOP('',(#237));
#511=EDGE_LOOP('',(#238,#239));
#512=EDGE_LOOP('',(#240));
#513=EDGE_LOOP('',(#241));
#514=EDGE_LOOP('',(#242));
#515=EDGE_LOOP('',(#243));
#516=EDGE_LOOP('',(#244));
#517=EDGE_LOOP('',(#245));
#518=EDGE_LOOP('',(#246));
#519=EDGE_LOOP('',(#247));
#520=EDGE_LOOP('',(#248));
#521=EDGE_LOOP('',(#249));
#522=EDGE_LOOP('',(#250));
#523=EDGE_LOOP('',(#251));
#524=EDGE_LOOP('',(#252));
#525=EDGE_LOOP('',(#253));
#526=EDGE_LOOP('',(#254));
#527=EDGE_LOOP('',(#255));
#528=EDGE_LOOP('',(#256));
#529=EDGE_LOOP('',(#257));
#530=EDGE_LOOP('',(#258));
#531=EDGE_LOOP('',(#259));
#532=FACE_BOUND('',#428,.T.);
#533=FACE_BOUND('',#429,.T.);
#534=FACE_BOUND('',#430,.T.);
#535=FACE_BOUND('',#431,.T.);
#536=FACE_BOUND('',#432,.T.);
#537=FACE_BOUND('',#433,.T.);
#538=FACE_BOUND('',#434,.T.);
#539=FACE_BOUND('',#435,.T.);
#540=FACE_BOUND('',#436,.T.);
#541=FACE_BOUND('',#437,.T.);
#542=FACE_BOUND('',#438,.T.);
#543=FACE_BOUND('',#439,.T.);
#544=FACE_BOUND('',#440,.T.);
#545=FACE_BOUND('',#441,.T.);
#546=FACE_BOUND('',#442,.T.);
#547=FACE_BOUND('',#443,.T.);
#548=FACE_BOUND('',#444,.T.);
#549=FACE_BOUND('',#445,.T.);
#550=FACE_BOUND('',#446,.T.);
#551=FACE_BOUND('',#447,.T.);
#552=FACE_BOUND('',#448,.T.);
#553=FACE_BOUND('',#449,.T.);
#554=FACE_BOUND('',#450,.T.);
#555=FACE_BOUND('',#451,.T.);
#556=FACE_BOUND('',#452,.T.);
#557=FACE_BOUND('',#453,.T.);
#558=FACE_BOUND('',#454,.T.);
#559=FACE_BOUND('',#455,.T.);
#560=FACE_BOUND('',#456,.T.);
#561=FACE_BOUND('',#457,.T.);
#562=FACE_BOUND('',#458,.T.);
#563=FACE_BOUND('',#459,.T.);
#564=FACE_BOUND('',#460,.T.);
#565=FACE_BOUND('',#461,.T.);
#566=FACE_BOUND('',#462,.T.);
#567=FACE_BOUND('',#463,.T.);
#568=FACE_BOUND('',#464,.T.);
#569=FACE_BOUND('',#465,.T.);
#570=FACE_BOUND('',#466,.T.);
#571=FACE_BOUND('',#467,.T.);
#572=FACE_BOUND('',#468,.T.);
#573=FACE_BOUND('',#469,.T.);
#574=FACE_BOUND('',#470,.T.);
#575=FACE_BOUND('',#471,.T.);
#576=FACE_BOUND('',#472,.T.);
#577=FACE_BOUND('',#473,.T.);
#578=FACE_BOUND('',#474,.T.);
#579=FACE_BOUND('',#475,.T.);
#580=FACE_BOUND('',#476,.T.);
#581=FACE_BOUND('',#477,.T.);
#582=FACE_BOUND('',#478,.T.);
#583=FACE_BOUND('',#479,.T.);
#584=FACE_BOUND('',#480,.T.);
#585=FACE_BOUND('',#481,.T.);
#586=FACE_BOUND('',#482,.T.);
#587=FACE_BOUND('',#483,.T.);
#588=FACE_BOUND('',#484,.T.);
#589=FACE_BOUND('',#485,.T.);
#590=FACE_BOUND('',#486,.T.);
#591=FACE_BOUND('',#487,.T.);
#592=FACE_BOUND('',#488,.T.);
#593=FACE_BOUND('',#489,.T.);
#594=FACE_BOUND('',#490,.T.);
#595=FACE_BOUND('',#491,.T.);
#596=FACE_BOUND('',#492,.T.);
#597=FACE_BOUND('',#493,.T.);
#598=FACE_BOUND('',#494,.T.);
#599=FACE_BOUND('',#495,.T.);
#600=FACE_BOUND('',#496,.T.);
#601=FACE_BOUND('',#497,.T.);
#602=FACE_BOUND('',#498,.T.);
#603=FACE_BOUND('',#499,.T.);
#604=FACE_BOUND('',#500,.T.);
#605=FACE_BOUND('',#501,.T.);
#606=FACE_BOUND('',#502,.T.);
#607=FACE_BOUND('',#503,.T.);
#608=FACE_BOUND('',#504,.T.);
#609=FACE_BOUND('',#505,.T.);
#610=FACE_BOUND('',#506,.T.);
#611=FACE_BOUND('',#507,.T.);
#612=FACE_BOUND('',#508,.T.);
#613=FACE_BOUND('',#509,.T.);
#614=FACE_BOUND('',#510,.T.);
#615=FACE_BOUND('',#511,.T.);
#616=FACE_BOUND('',#512,.T.);
#617=FACE_BOUND('',#513,.T.);
#618=FACE_BOUND('',#514,.T.);
#619=FACE_BOUND('',#515,.T.);
#620=FACE_BOUND('',#516,.T.);
#621=FACE_BOUND('',#517,.T.);
#622=FACE_BOUND('',#518,.T.);
#623=FACE_BOUND('',#519,.T.);
#624=FACE_BOUND('',#520,.T.);
#625=FACE_BOUND('',#521,.T.);
#626=FACE_BOUND('',#522,.T.);
#627=FACE_BOUND('',#523,.T.);
#628=FACE_BOUND('',#524,.T.);
#629=FACE_BOUND('',#525,.T.);
#630=FACE_BOUND('',#526,.T.);
#631=FACE_BOUND('',#527,.T.);
#632=FACE_BOUND('',#528,.T.);
#633=FACE_BOUND('',#529,.T.);
#634=FACE_BOUND('',#530,.T.);
#635=FACE_BOUND('',#531,.T.);
#636=CYLINDRICAL_SURFACE('',#818,4.6228);
#637=CYLINDRICAL_SURFACE('',#823,3.7592);
#638=CYLINDRICAL_SURFACE('',#827,5.3848);
#639=CYLINDRICAL_SURFACE('',#832,1.6002);
#640=CYLINDRICAL_SURFACE('',#836,1.1938);
#641=CYLINDRICAL_SURFACE('',#842,0.3048);
#642=CYLINDRICAL_SURFACE('',#849,0.2286);
#643=CYLINDRICAL_SURFACE('',#850,0.2286);
#644=CYLINDRICAL_SURFACE('',#854,3.7084);
#645=CYLINDRICAL_SURFACE('',#858,0.0646914814372);
#646=CYLINDRICAL_SURFACE('',#861,0.071263111135672);
#647=CYLINDRICAL_SURFACE('',#875,3.7592);
#648=CYLINDRICAL_SURFACE('',#879,4.6228);
#649=CYLINDRICAL_SURFACE('',#883,2.3622);
#650=CYLINDRICAL_SURFACE('',#885,1.016);
#651=CYLINDRICAL_SURFACE('',#889,0.2286);
#652=CYLINDRICAL_SURFACE('',#890,1.1938);
#653=CYLINDRICAL_SURFACE('',#898,0.222738191485405);
#654=CYLINDRICAL_SURFACE('',#903,0.2286);
#655=CYLINDRICAL_SURFACE('',#904,0.122063111135672);
#656=CYLINDRICAL_SURFACE('',#906,3.7084);
#657=CYLINDRICAL_SURFACE('',#911,3.7592);
#658=CYLINDRICAL_SURFACE('',#916,0.0646914814372);
#659=CYLINDRICAL_SURFACE('',#919,0.071263111135672);
#660=ADVANCED_FACE('',(#532,#533),#636,.F.);
#661=ADVANCED_FACE('',(#534,#535),#101,.F.);
#662=ADVANCED_FACE('',(#536,#537),#637,.F.);
#663=ADVANCED_FACE('',(#538,#539),#102,.F.);
#664=ADVANCED_FACE('',(#540,#541),#638,.T.);
#665=ADVANCED_FACE('',(#542),#103,.T.);
#666=ADVANCED_FACE('',(#543),#104,.T.);
#667=ADVANCED_FACE('',(#544,#545,#546,#547),#639,.T.);
#668=ADVANCED_FACE('',(#548,#549,#550,#551),#640,.F.);
#669=ADVANCED_FACE('',(#552,#553),#105,.T.);
#670=ADVANCED_FACE('',(#554,#555),#641,.F.);
#671=ADVANCED_FACE('',(#556,#557),#106,.F.);
#672=ADVANCED_FACE('',(#558),#107,.F.);
#673=ADVANCED_FACE('',(#559),#108,.T.);
#674=ADVANCED_FACE('',(#560),#109,.F.);
#675=ADVANCED_FACE('',(#561),#110,.T.);
#676=ADVANCED_FACE('',(#562,#563),#642,.F.);
#677=ADVANCED_FACE('',(#564,#565),#643,.F.);
#678=ADVANCED_FACE('',(#566),#111,.F.);
#679=ADVANCED_FACE('',(#567,#568),#644,.T.);
#680=ADVANCED_FACE('',(#569),#112,.F.);
#681=ADVANCED_FACE('',(#570,#571),#645,.F.);
#682=ADVANCED_FACE('',(#572,#573),#646,.T.);
#683=ADVANCED_FACE('',(#574,#575),#15,.T.);
#684=ADVANCED_FACE('',(#576),#113,.T.);
#685=ADVANCED_FACE('',(#577,#578),#114,.F.);
#686=ADVANCED_FACE('',(#579,#580),#16,.F.);
#687=ADVANCED_FACE('',(#581),#115,.F.);
#688=ADVANCED_FACE('',(#582,#583),#12,.F.);
#689=ADVANCED_FACE('',(#584,#585),#647,.F.);
#690=ADVANCED_FACE('',(#586,#587),#116,.T.);
#691=ADVANCED_FACE('',(#588,#589),#648,.T.);
#692=ADVANCED_FACE('',(#590,#591),#117,.F.);
#693=ADVANCED_FACE('',(#592,#593),#649,.F.);
#694=ADVANCED_FACE('',(#594,#595,#596),#650,.F.);
#695=ADVANCED_FACE('',(#597,#598),#651,.F.);
#696=ADVANCED_FACE('',(#599,#600,#601,#602),#652,.T.);
#697=ADVANCED_FACE('',(#603),#118,.T.);
#698=ADVANCED_FACE('',(#604),#119,.F.);
#699=ADVANCED_FACE('',(#605,#606),#120,.F.);
#700=ADVANCED_FACE('',(#607,#608),#653,.F.);
#701=ADVANCED_FACE('',(#609,#610),#121,.T.);
#702=ADVANCED_FACE('',(#611),#122,.T.);
#703=ADVANCED_FACE('',(#612),#123,.F.);
#704=ADVANCED_FACE('',(#613,#614),#654,.F.);
#705=ADVANCED_FACE('',(#615),#655,.F.);
#706=ADVANCED_FACE('',(#616,#617),#656,.F.);
#707=ADVANCED_FACE('',(#618,#619),#124,.F.);
#708=ADVANCED_FACE('',(#620,#621),#657,.T.);
#709=ADVANCED_FACE('',(#622),#13,.T.);
#710=ADVANCED_FACE('',(#623),#14,.F.);
#711=ADVANCED_FACE('',(#624,#625),#658,.F.);
#712=ADVANCED_FACE('',(#626,#627),#659,.T.);
#713=ADVANCED_FACE('',(#628,#629),#17,.T.);
#714=ADVANCED_FACE('',(#630),#125,.F.);
#715=ADVANCED_FACE('',(#631,#632),#126,.T.);
#716=ADVANCED_FACE('',(#633,#634),#18,.F.);
#717=ADVANCED_FACE('',(#635),#127,.F.);
#718=CLOSED_SHELL('',(#660,#661,#662,#663,#664,#665,#666));
#719=CLOSED_SHELL('',(#667,#668,#669,#670,#671,#672,#673,#674,#675,#676,
#677));
#720=CLOSED_SHELL('',(#678,#679,#680));
#721=CLOSED_SHELL('',(#681,#682,#683,#684,#685,#686,#687));
#722=CLOSED_SHELL('',(#688,#689,#690,#691,#692,#693));
#723=CLOSED_SHELL('',(#694,#695,#696,#697,#698,#699,#700,#701,#702,#703,
#704,#705));
#724=CLOSED_SHELL('',(#706,#707,#708,#709,#710));
#725=CLOSED_SHELL('',(#711,#712,#713,#714,#715,#716,#717));
#726=STYLED_ITEM('',(#734),#789);
#727=STYLED_ITEM('',(#735),#790);
#728=STYLED_ITEM('',(#736),#791);
#729=STYLED_ITEM('',(#737),#792);
#730=STYLED_ITEM('',(#738),#793);
#731=STYLED_ITEM('',(#739),#794);
#732=STYLED_ITEM('',(#740),#795);
#733=STYLED_ITEM('',(#741),#796);
#734=PRESENTATION_STYLE_ASSIGNMENT((#742));
#735=PRESENTATION_STYLE_ASSIGNMENT((#743));
#736=PRESENTATION_STYLE_ASSIGNMENT((#744));
#737=PRESENTATION_STYLE_ASSIGNMENT((#745));
#738=PRESENTATION_STYLE_ASSIGNMENT((#746));
#739=PRESENTATION_STYLE_ASSIGNMENT((#747));
#740=PRESENTATION_STYLE_ASSIGNMENT((#748));
#741=PRESENTATION_STYLE_ASSIGNMENT((#749));
#742=SURFACE_STYLE_USAGE(.BOTH.,#750);
#743=SURFACE_STYLE_USAGE(.BOTH.,#751);
#744=SURFACE_STYLE_USAGE(.BOTH.,#752);
#745=SURFACE_STYLE_USAGE(.BOTH.,#753);
#746=SURFACE_STYLE_USAGE(.BOTH.,#754);
#747=SURFACE_STYLE_USAGE(.BOTH.,#755);
#748=SURFACE_STYLE_USAGE(.BOTH.,#756);
#749=SURFACE_STYLE_USAGE(.BOTH.,#757);
#750=SURFACE_SIDE_STYLE('',(#758));
#751=SURFACE_SIDE_STYLE('',(#759));
#752=SURFACE_SIDE_STYLE('',(#760));
#753=SURFACE_SIDE_STYLE('',(#761));
#754=SURFACE_SIDE_STYLE('',(#762));
#755=SURFACE_SIDE_STYLE('',(#763));
#756=SURFACE_SIDE_STYLE('',(#764));
#757=SURFACE_SIDE_STYLE('',(#765));
#758=SURFACE_STYLE_FILL_AREA(#766);
#759=SURFACE_STYLE_FILL_AREA(#767);
#760=SURFACE_STYLE_FILL_AREA(#768);
#761=SURFACE_STYLE_FILL_AREA(#769);
#762=SURFACE_STYLE_FILL_AREA(#770);
#763=SURFACE_STYLE_FILL_AREA(#771);
#764=SURFACE_STYLE_FILL_AREA(#772);
#765=SURFACE_STYLE_FILL_AREA(#773);
#766=FILL_AREA_STYLE('',(#774));
#767=FILL_AREA_STYLE('',(#775));
#768=FILL_AREA_STYLE('',(#776));
#769=FILL_AREA_STYLE('',(#777));
#770=FILL_AREA_STYLE('',(#778));
#771=FILL_AREA_STYLE('',(#779));
#772=FILL_AREA_STYLE('',(#780));
#773=FILL_AREA_STYLE('',(#781));
#774=FILL_AREA_STYLE_COLOUR('',#782);
#775=FILL_AREA_STYLE_COLOUR('',#783);
#776=FILL_AREA_STYLE_COLOUR('',#784);
#777=FILL_AREA_STYLE_COLOUR('',#785);
#778=FILL_AREA_STYLE_COLOUR('',#783);
#779=FILL_AREA_STYLE_COLOUR('',#786);
#780=FILL_AREA_STYLE_COLOUR('',#787);
#781=FILL_AREA_STYLE_COLOUR('',#788);
#782=COLOUR_RGB('',0.768627450980392,0.886274509803922,0.952941176470588);
#783=COLOUR_RGB('',0.917647058823529,0.917647058823529,0.917647058823529);
#784=COLOUR_RGB('',0.647058823529412,0.647058823529412,0.647058823529412);
#785=COLOUR_RGB('',0.972549019607843,0.529411764705882,0.00392156862745098);
#786=COLOUR_RGB('',0.231372549019608,0.380392156862745,0.705882352941177);
#787=COLOUR_RGB('',0.615686274509804,0.811764705882353,0.929411764705882);
#788=COLOUR_RGB('',0.498039215686275,0.498039215686275,0.498039215686275);
#789=MANIFOLD_SOLID_BREP('concrete pit',#718);
#790=MANIFOLD_SOLID_BREP('steelwater thermal shield',#719);
#791=MANIFOLD_SOLID_BREP('concrete removable shield',#720);
#792=MANIFOLD_SOLID_BREP('inor-8 outlet pipe',#721);
#793=MANIFOLD_SOLID_BREP('watersand shield',#722);
#794=MANIFOLD_SOLID_BREP('insulation thermal shield',#723);
#795=MANIFOLD_SOLID_BREP('steel containment vessel',#724);
#796=MANIFOLD_SOLID_BREP('inor-8 inlet pipe',#725);
#797=SHAPE_DEFINITION_REPRESENTATION(#2140,#807);
#798=SHAPE_DEFINITION_REPRESENTATION(#2141,#808);
#799=SHAPE_DEFINITION_REPRESENTATION(#2142,#809);
#800=SHAPE_DEFINITION_REPRESENTATION(#2144,#810);
#801=SHAPE_DEFINITION_REPRESENTATION(#2146,#811);
#802=SHAPE_DEFINITION_REPRESENTATION(#2148,#812);
#803=SHAPE_DEFINITION_REPRESENTATION(#2150,#813);
#804=SHAPE_DEFINITION_REPRESENTATION(#2152,#814);
#805=SHAPE_DEFINITION_REPRESENTATION(#2154,#815);
#806=SHAPE_DEFINITION_REPRESENTATION(#2156,#816);
#807=SHAPE_REPRESENTATION('msre assembly',(#817,#930),#2117);
#808=SHAPE_REPRESENTATION('pit <1>',(#817,#831,#851,#857,#871,#884,#905,
#915,#929),#2118);
#809=SHAPE_REPRESENTATION('concrete pit',(#817),#2119);
#810=SHAPE_REPRESENTATION('steelwater thermal shield',(#817),#2120);
#811=SHAPE_REPRESENTATION('concrete removable shield',(#817),#2121);
#812=SHAPE_REPRESENTATION('inor-8 outlet pipe',(#817),#2122);
#813=SHAPE_REPRESENTATION('watersand shield',(#817),#2123);
#814=SHAPE_REPRESENTATION('insulation thermal shield',(#817),#2124);
#815=SHAPE_REPRESENTATION('steel containment vessel',(#817),#2125);
#816=SHAPE_REPRESENTATION('inor-8 inlet pipe',(#817),#2126);
#817=AXIS2_PLACEMENT_3D('',#1169,#931,#932);
#818=AXIS2_PLACEMENT_3D('',#1170,#933,#934);
#819=AXIS2_PLACEMENT_3D('',#1171,#935,#936);
#820=AXIS2_PLACEMENT_3D('',#1173,#937,#938);
#821=AXIS2_PLACEMENT_3D('',#1175,#939,#940);
#822=AXIS2_PLACEMENT_3D('',#1176,#941,#942);
#823=AXIS2_PLACEMENT_3D('',#1178,#943,#944);
#824=AXIS2_PLACEMENT_3D('',#1179,#945,#946);
#825=AXIS2_PLACEMENT_3D('',#1181,#947,#948);
#826=AXIS2_PLACEMENT_3D('',#1182,#949,#950);
#827=AXIS2_PLACEMENT_3D('',#1184,#951,#952);
#828=AXIS2_PLACEMENT_3D('',#1185,#953,#954);
#829=AXIS2_PLACEMENT_3D('',#1187,#955,#956);
#830=AXIS2_PLACEMENT_3D('',#1188,#957,#958);
#831=AXIS2_PLACEMENT_3D('',#1189,#959,#960);
#832=AXIS2_PLACEMENT_3D('',#1190,#961,#962);
#833=AXIS2_PLACEMENT_3D('',#1280,#963,#964);
#834=AXIS2_PLACEMENT_3D('',#1285,#966,#967);
#835=AXIS2_PLACEMENT_3D('',#1289,#969,#970);
#836=AXIS2_PLACEMENT_3D('',#1381,#971,#972);
#837=AXIS2_PLACEMENT_3D('',#1472,#973,#974);
#838=AXIS2_PLACEMENT_3D('',#1474,#975,#976);
#839=AXIS2_PLACEMENT_3D('',#1479,#978,#979);
#840=AXIS2_PLACEMENT_3D('',#1572,#981,#982);
#841=AXIS2_PLACEMENT_3D('',#1573,#983,#984);
#842=AXIS2_PLACEMENT_3D('',#1575,#985,#986);
#843=AXIS2_PLACEMENT_3D('',#1576,#987,#988);
#844=AXIS2_PLACEMENT_3D('',#1578,#989,#990);
#845=AXIS2_PLACEMENT_3D('',#1579,#991,#992);
#846=AXIS2_PLACEMENT_3D('',#1582,#995,#996);
#847=AXIS2_PLACEMENT_3D('',#1585,#999,#1000);
#848=AXIS2_PLACEMENT_3D('',#1586,#1001,#1002);
#849=AXIS2_PLACEMENT_3D('',#1587,#1003,#1004);
#850=AXIS2_PLACEMENT_3D('',#1588,#1005,#1006);
#851=AXIS2_PLACEMENT_3D('',#1589,#1007,#1008);
#852=AXIS2_PLACEMENT_3D('',#1590,#1009,#1010);
#853=AXIS2_PLACEMENT_3D('',#1591,#1011,#1012);
#854=AXIS2_PLACEMENT_3D('',#1593,#1013,#1014);
#855=AXIS2_PLACEMENT_3D('',#1594,#1015,#1016);
#856=AXIS2_PLACEMENT_3D('',#1596,#1017,#1018);
#857=AXIS2_PLACEMENT_3D('',#1597,#1019,#1020);
#858=AXIS2_PLACEMENT_3D('',#1598,#1021,#1022);
#859=AXIS2_PLACEMENT_3D('',#1599,#1023,#1024);
#860=AXIS2_PLACEMENT_3D('',#1601,#1025,#1026);
#861=AXIS2_PLACEMENT_3D('',#1603,#1027,#1028);
#862=AXIS2_PLACEMENT_3D('',#1604,#1029,#1030);
#863=AXIS2_PLACEMENT_3D('',#1606,#1031,#1032);
#864=AXIS2_PLACEMENT_3D('',#1608,#1033,#1034);
#865=AXIS2_PLACEMENT_3D('',#1609,#1035,#1036);
#866=AXIS2_PLACEMENT_3D('',#1611,#1037,#1038);
#867=AXIS2_PLACEMENT_3D('',#1612,#1039,#1040);
#868=AXIS2_PLACEMENT_3D('',#1613,#1041,#1042);
#869=AXIS2_PLACEMENT_3D('',#1615,#1043,#1044);
#870=AXIS2_PLACEMENT_3D('',#1616,#1045,#1046);
#871=AXIS2_PLACEMENT_3D('',#1617,#1047,#1048);
#872=AXIS2_PLACEMENT_3D('',#1618,#1049,#1050);
#873=AXIS2_PLACEMENT_3D('',#1619,#1051,#1052);
#874=AXIS2_PLACEMENT_3D('',#1621,#1053,#1054);
#875=AXIS2_PLACEMENT_3D('',#1623,#1055,#1056);
#876=AXIS2_PLACEMENT_3D('',#1624,#1057,#1058);
#877=AXIS2_PLACEMENT_3D('',#1626,#1059,#1060);
#878=AXIS2_PLACEMENT_3D('',#1627,#1061,#1062);
#879=AXIS2_PLACEMENT_3D('',#1629,#1063,#1064);
#880=AXIS2_PLACEMENT_3D('',#1630,#1065,#1066);
#881=AXIS2_PLACEMENT_3D('',#1632,#1067,#1068);
#882=AXIS2_PLACEMENT_3D('',#1633,#1069,#1070);
#883=AXIS2_PLACEMENT_3D('',#1635,#1071,#1072);
#884=AXIS2_PLACEMENT_3D('',#1636,#1073,#1074);
#885=AXIS2_PLACEMENT_3D('',#1637,#1075,#1076);
#886=AXIS2_PLACEMENT_3D('',#1638,#1077,#1078);
#887=AXIS2_PLACEMENT_3D('',#1730,#1079,#1080);
#888=AXIS2_PLACEMENT_3D('',#1733,#1081,#1082);
#889=AXIS2_PLACEMENT_3D('',#1846,#1083,#1084);
#890=AXIS2_PLACEMENT_3D('',#1968,#1085,#1086);
#891=AXIS2_PLACEMENT_3D('',#1969,#1087,#1088);
#892=AXIS2_PLACEMENT_3D('',#1971,#1089,#1090);
#893=AXIS2_PLACEMENT_3D('',#1974,#1091,#1092);
#894=AXIS2_PLACEMENT_3D('',#2065,#1093,#1094);
#895=AXIS2_PLACEMENT_3D('',#2067,#1096,#1097);
#896=AXIS2_PLACEMENT_3D('',#2069,#1099,#1100);
#897=AXIS2_PLACEMENT_3D('',#2070,#1101,#1102);
#898=AXIS2_PLACEMENT_3D('',#2072,#1103,#1104);
#899=AXIS2_PLACEMENT_3D('',#2073,#1105,#1106);
#900=AXIS2_PLACEMENT_3D('',#2075,#1107,#1108);
#901=AXIS2_PLACEMENT_3D('',#2076,#1109,#1110);
#902=AXIS2_PLACEMENT_3D('',#2077,#1111,#1112);
#903=AXIS2_PLACEMENT_3D('',#2078,#1113,#1114);
#904=AXIS2_PLACEMENT_3D('',#2079,#1115,#1116);
#905=AXIS2_PLACEMENT_3D('',#2080,#1117,#1118);
#906=AXIS2_PLACEMENT_3D('',#2081,#1119,#1120);
#907=AXIS2_PLACEMENT_3D('',#2082,#1121,#1122);
#908=AXIS2_PLACEMENT_3D('',#2084,#1123,#1124);
#909=AXIS2_PLACEMENT_3D('',#2086,#1125,#1126);
#910=AXIS2_PLACEMENT_3D('',#2087,#1127,#1128);
#911=AXIS2_PLACEMENT_3D('',#2089,#1129,#1130);
#912=AXIS2_PLACEMENT_3D('',#2090,#1131,#1132);
#913=AXIS2_PLACEMENT_3D('',#2092,#1133,#1134);
#914=AXIS2_PLACEMENT_3D('',#2093,#1135,#1136);
#915=AXIS2_PLACEMENT_3D('',#2094,#1137,#1138);
#916=AXIS2_PLACEMENT_3D('',#2095,#1139,#1140);
#917=AXIS2_PLACEMENT_3D('',#2096,#1141,#1142);
#918=AXIS2_PLACEMENT_3D('',#2098,#1143,#1144);
#919=AXIS2_PLACEMENT_3D('',#2100,#1145,#1146);
#920=AXIS2_PLACEMENT_3D('',#2101,#1147,#1148);
#921=AXIS2_PLACEMENT_3D('',#2103,#1149,#1150);
#922=AXIS2_PLACEMENT_3D('',#2105,#1151,#1152);
#923=AXIS2_PLACEMENT_3D('',#2106,#1153,#1154);
#924=AXIS2_PLACEMENT_3D('',#2108,#1155,#1156);
#925=AXIS2_PLACEMENT_3D('',#2109,#1157,#1158);
#926=AXIS2_PLACEMENT_3D('',#2110,#1159,#1160);
#927=AXIS2_PLACEMENT_3D('',#2112,#1161,#1162);
#928=AXIS2_PLACEMENT_3D('',#2113,#1163,#1164);
#929=AXIS2_PLACEMENT_3D('',#2114,#1165,#1166);
#930=AXIS2_PLACEMENT_3D('',#2115,#1167,#1168);
#931=DIRECTION('',(0.,0.,1.));
#932=DIRECTION('',(1.,0.,0.));
#933=DIRECTION('',(2.45742127936116E-16,0.,-1.));
#934=DIRECTION('',(-1.,0.,-2.45742127936116E-16));
#935=DIRECTION('',(2.45742127936116E-16,0.,-1.));
#936=DIRECTION('',(-1.,0.,-2.45742127936116E-16));
#937=DIRECTION('',(2.45742127936116E-16,0.,-1.));
#938=DIRECTION('',(-1.,0.,-2.45742127936116E-16));
#939=DIRECTION('',(-2.45742127936116E-16,0.,1.));
#940=DIRECTION('',(1.,0.,2.45742127936116E-16));
#941=DIRECTION('',(2.45742127936116E-16,0.,-1.));
#942=DIRECTION('',(-1.,0.,-2.45742127936116E-16));
#943=DIRECTION('',(2.45742127936116E-16,0.,-1.));
#944=DIRECTION('',(-1.,0.,-2.45742127936116E-16));
#945=DIRECTION('',(2.45742127936116E-16,0.,-1.));
#946=DIRECTION('',(-1.,0.,-2.45742127936116E-16));
#947=DIRECTION('',(2.45742127936116E-16,0.,-1.));
#948=DIRECTION('',(-1.,0.,-2.45742127936116E-16));
#949=DIRECTION('',(2.45742127936116E-16,0.,-1.));
#950=DIRECTION('',(-1.,0.,-2.45742127936116E-16));
#951=DIRECTION('',(2.45742127936116E-16,0.,-1.));
#952=DIRECTION('',(-1.,0.,-2.45742127936116E-16));
#953=DIRECTION('',(2.45742127936116E-16,0.,-1.));
#954=DIRECTION('',(-1.,0.,-2.45742127936116E-16));
#955=DIRECTION('',(2.45742127936116E-16,0.,-1.));
#956=DIRECTION('',(-1.,0.,-2.45742127936116E-16));
#957=DIRECTION('',(-2.45742127936116E-16,0.,1.));
#958=DIRECTION('',(1.,0.,2.45742127936116E-16));
#959=DIRECTION('',(0.,0.,1.));
#960=DIRECTION('',(1.,0.,0.));
#961=DIRECTION('',(0.,0.,-1.));
#962=DIRECTION('',(-1.,0.,0.));
#963=DIRECTION('',(0.,0.,-1.));
#964=DIRECTION('',(-1.,0.,0.));
#965=DIRECTION('',(0.,0.,-1.));
#966=DIRECTION('',(0.,0.,1.));
#967=DIRECTION('',(1.,0.,0.));
#968=DIRECTION('',(0.,0.,-1.));
#969=DIRECTION('',(0.,0.,-1.));
#970=DIRECTION('',(-1.,0.,0.));
#971=DIRECTION('',(0.,0.,-1.));
#972=DIRECTION('',(-1.,0.,0.));
#973=DIRECTION('',(0.,0.,-1.));
#974=DIRECTION('',(-1.,0.,0.));
#975=DIRECTION('',(0.,0.,1.));
#976=DIRECTION('',(1.,0.,0.));
#977=DIRECTION('',(2.13951022567808E-16,-3.05553726420652E-16,-1.));
#978=DIRECTION('',(0.,0.,-1.));
#979=DIRECTION('',(-1.,0.,0.));
#980=DIRECTION('',(2.13951022567808E-16,3.05553726420652E-16,-1.));
#981=DIRECTION('',(0.,0.,-1.));
#982=DIRECTION('',(-1.,0.,0.));
#983=DIRECTION('',(0.,0.,-1.));
#984=DIRECTION('',(-1.,0.,0.));
#985=DIRECTION('',(0.,0.,-1.));
#986=DIRECTION('',(-1.,0.,0.));
#987=DIRECTION('',(0.,0.,-1.));
#988=DIRECTION('',(-1.,0.,0.));
#989=DIRECTION('',(0.,0.,-1.));
#990=DIRECTION('',(-1.,0.,0.));
#991=DIRECTION('',(0.,0.,1.));
#992=DIRECTION('',(1.,0.,0.));
#993=DIRECTION('',(0.573576436351046,-0.819152044288992,0.));
#994=DIRECTION('',(0.573576436351046,0.819152044288992,0.));
#995=DIRECTION('',(0.,0.,-1.));
#996=DIRECTION('',(-1.,0.,0.));
#997=DIRECTION('',(-0.573576436351046,-0.819152044288992,0.));
#998=DIRECTION('',(-0.573576436351046,0.819152044288992,0.));
#999=DIRECTION('',(-0.819152044288992,-0.573576436351046,0.));
#1000=DIRECTION('',(0.573576436351046,-0.819152044288992,0.));
#1001=DIRECTION('',(0.819152044288992,-0.573576436351046,0.));
#1002=DIRECTION('',(0.573576436351046,0.819152044288992,0.));
#1003=DIRECTION('',(-0.422618261740699,0.90630778703665,0.));
#1004=DIRECTION('',(-0.90630778703665,-0.422618261740699,0.));
#1005=DIRECTION('',(-1.,-2.79704692287766E-16,0.));
#1006=DIRECTION('',(2.79704692287766E-16,-1.,0.));
#1007=DIRECTION('',(0.,0.,1.));
#1008=DIRECTION('',(1.,0.,0.));
#1009=DIRECTION('',(0.,0.,1.));
#1010=DIRECTION('',(1.,0.,0.));
#1011=DIRECTION('',(0.,0.,1.));
#1012=DIRECTION('',(1.,0.,0.));
#1013=DIRECTION('',(0.,0.,1.));
#1014=DIRECTION('',(1.,0.,0.));
#1015=DIRECTION('',(0.,0.,1.));
#1016=DIRECTION('',(1.,0.,0.));
#1017=DIRECTION('',(0.,0.,-1.));
#1018=DIRECTION('',(1.,0.,0.));
#1019=DIRECTION('',(0.,0.,1.));
#1020=DIRECTION('',(1.,0.,0.));
#1021=DIRECTION('',(-0.446197813109808,0.894934361602025,0.));
#1022=DIRECTION('',(-0.894934361602025,-0.446197813109808,0.));
#1023=DIRECTION('',(-0.446197813109808,0.894934361602025,0.));
#1024=DIRECTION('',(0.,0.,-1.));
#1025=DIRECTION('',(-0.446197813109808,0.894934361602025,0.));
#1026=DIRECTION('',(0.,0.,-1.));
#1027=DIRECTION('',(-0.446197813109808,0.894934361602025,0.));
#1028=DIRECTION('',(-0.894934361602025,-0.446197813109808,0.));
#1029=DIRECTION('',(-0.446197813109808,0.894934361602025,0.));
#1030=DIRECTION('',(0.,0.,-1.));
#1031=DIRECTION('',(-0.446197813109808,0.894934361602025,0.));
#1032=DIRECTION('',(0.,0.,-1.));
#1033=DIRECTION('',(0.,0.,1.));
#1034=DIRECTION('',(1.,0.,0.));
#1035=DIRECTION('',(6.12323399573677E-17,1.,0.));
#1036=DIRECTION('',(0.,0.,-1.));
#1037=DIRECTION('',(-0.446197813109808,0.894934361602025,0.));
#1038=DIRECTION('',(-0.894934361602025,-0.446197813109808,0.));
#1039=DIRECTION('',(6.12323399573677E-17,1.,0.));
#1040=DIRECTION('',(-1.,6.12323399573677E-17,0.));
#1041=DIRECTION('',(6.12323399573677E-17,1.,0.));
#1042=DIRECTION('',(0.,0.,-1.));
#1043=DIRECTION('',(0.,0.,1.));
#1044=DIRECTION('',(1.,0.,0.));
#1045=DIRECTION('',(-0.446197813109808,0.894934361602025,0.));
#1046=DIRECTION('',(-0.894934361602025,-0.446197813109808,0.));
#1047=DIRECTION('',(0.,0.,1.));
#1048=DIRECTION('',(1.,0.,0.));
#1049=DIRECTION('',(2.45742127936116E-16,0.,-1.));
#1050=DIRECTION('',(-1.,0.,-2.45742127936116E-16));
#1051=DIRECTION('',(2.45742127936116E-16,0.,-1.));
#1052=DIRECTION('',(-1.,0.,-2.45742127936116E-16));
#1053=DIRECTION('',(2.45742127936116E-16,0.,-1.));
#1054=DIRECTION('',(-1.,0.,-2.45742127936116E-16));
#1055=DIRECTION('',(2.45742127936116E-16,0.,-1.));
#1056=DIRECTION('',(-1.,0.,-2.45742127936116E-16));
#1057=DIRECTION('',(2.45742127936116E-16,0.,-1.));
#1058=DIRECTION('',(-1.,0.,-2.45742127936116E-16));
#1059=DIRECTION('',(-2.45742127936116E-16,0.,1.));
#1060=DIRECTION('',(1.,0.,2.45742127936116E-16));
#1061=DIRECTION('',(2.45742127936116E-16,0.,-1.));
#1062=DIRECTION('',(-1.,0.,-2.45742127936116E-16));
#1063=DIRECTION('',(2.45742127936116E-16,0.,-1.));
#1064=DIRECTION('',(-1.,0.,-2.45742127936116E-16));
#1065=DIRECTION('',(2.45742127936116E-16,0.,-1.));
#1066=DIRECTION('',(-1.,0.,-2.45742127936116E-16));
#1067=DIRECTION('',(-2.45742127936116E-16,0.,1.));
#1068=DIRECTION('',(1.,0.,2.45742127936116E-16));
#1069=DIRECTION('',(2.45742127936116E-16,0.,-1.));
#1070=DIRECTION('',(-1.,0.,-2.45742127936116E-16));
#1071=DIRECTION('',(2.45742127936116E-16,0.,-1.));
#1072=DIRECTION('',(-1.,0.,-2.45742127936116E-16));
#1073=DIRECTION('',(0.,0.,1.));
#1074=DIRECTION('',(1.,0.,0.));
#1075=DIRECTION('',(0.,0.,1.));
#1076=DIRECTION('',(1.,0.,0.));
#1077=DIRECTION('',(0.,0.,1.));
#1078=DIRECTION('',(1.,0.,0.));
#1079=DIRECTION('',(0.,0.,1.));
#1080=DIRECTION('',(1.,0.,0.));
#1081=DIRECTION('',(0.90630778703665,0.,-0.422618261740699));
#1082=DIRECTION('',(0.422618261740699,0.,0.90630778703665));
#1083=DIRECTION('',(-1.,-2.79704692287766E-16,0.));
#1084=DIRECTION('',(2.79704692287766E-16,-1.,0.));
#1085=DIRECTION('',(0.,0.,1.));
#1086=DIRECTION('',(1.,0.,0.));
#1087=DIRECTION('',(0.,0.,1.));
#1088=DIRECTION('',(1.,0.,0.));
#1089=DIRECTION('',(0.,0.,1.));
#1090=DIRECTION('',(1.,0.,0.));
#1091=DIRECTION('',(0.90630778703665,0.,-0.422618261740699));
#1092=DIRECTION('',(0.422618261740699,0.,0.90630778703665));
#1093=DIRECTION('',(0.,0.,1.));
#1094=DIRECTION('',(1.,0.,0.));
#1095=DIRECTION('',(0.,-1.,0.));
#1096=DIRECTION('',(0.,0.,1.));
#1097=DIRECTION('',(1.,0.,0.));
#1098=DIRECTION('',(0.,1.,0.));
#1099=DIRECTION('',(0.,0.,1.));
#1100=DIRECTION('',(1.,0.,0.));
#1101=DIRECTION('',(0.,0.,1.));
#1102=DIRECTION('',(1.,0.,0.));
#1103=DIRECTION('',(0.,0.,1.));
#1104=DIRECTION('',(1.,0.,0.));
#1105=DIRECTION('',(0.,0.,1.));
#1106=DIRECTION('',(1.,0.,0.));
#1107=DIRECTION('',(0.,0.,1.));
#1108=DIRECTION('',(1.,0.,0.));
#1109=DIRECTION('',(0.90630778703665,0.,-0.422618261740699));
#1110=DIRECTION('',(-0.422618261740699,0.,-0.90630778703665));
#1111=DIRECTION('',(0.90630778703665,0.,-0.422618261740699));
#1112=DIRECTION('',(-0.422618261740699,0.,-0.90630778703665));
#1113=DIRECTION('',(-0.422618261740699,0.90630778703665,0.));
#1114=DIRECTION('',(-0.90630778703665,-0.422618261740699,0.));
#1115=DIRECTION('',(-0.544639035015027,-0.838670567945424,0.));
#1116=DIRECTION('',(0.838670567945424,-0.544639035015027,0.));
#1117=DIRECTION('',(0.,0.,1.));
#1118=DIRECTION('',(1.,0.,0.));
#1119=DIRECTION('',(2.45742127936116E-16,0.,-1.));
#1120=DIRECTION('',(-1.,0.,-2.45742127936116E-16));
#1121=DIRECTION('',(2.45742127936116E-16,0.,-1.));
#1122=DIRECTION('',(-1.,0.,-2.45742127936116E-16));
#1123=DIRECTION('',(2.45742127936116E-16,0.,-1.));
#1124=DIRECTION('',(-1.,0.,-2.45742127936116E-16));
#1125=DIRECTION('',(2.45742127936116E-16,0.,-1.));
#1126=DIRECTION('',(-1.,0.,-2.45742127936116E-16));
#1127=DIRECTION('',(2.45742127936116E-16,0.,-1.));
#1128=DIRECTION('',(-1.,0.,-2.45742127936116E-16));
#1129=DIRECTION('',(2.45742127936116E-16,0.,-1.));
#1130=DIRECTION('',(-1.,0.,-2.45742127936116E-16));
#1131=DIRECTION('',(2.45742127936116E-16,0.,-1.));
#1132=DIRECTION('',(-1.,0.,-2.45742127936116E-16));
#1133=DIRECTION('',(2.45742127936116E-16,0.,-1.));
#1134=DIRECTION('',(-1.,0.,-2.45742127936116E-16));
#1135=DIRECTION('',(2.45742127936116E-16,0.,-1.));
#1136=DIRECTION('',(-1.,0.,-2.45742127936116E-16));
#1137=DIRECTION('',(0.,0.,1.));
#1138=DIRECTION('',(1.,0.,0.));
#1139=DIRECTION('',(-1.,0.,0.));
#1140=DIRECTION('',(0.,0.,1.));
#1141=DIRECTION('',(1.,-4.44089209850063E-16,0.));
#1142=DIRECTION('',(4.44089209850063E-16,1.,0.));
#1143=DIRECTION('',(1.,-4.44089209850063E-16,0.));
#1144=DIRECTION('',(4.44089209850063E-16,1.,0.));
#1145=DIRECTION('',(-1.,0.,0.));
#1146=DIRECTION('',(0.,0.,1.));
#1147=DIRECTION('',(1.,-4.44089209850063E-16,0.));
#1148=DIRECTION('',(4.44089209850063E-16,1.,0.));
#1149=DIRECTION('',(1.,-4.44089209850063E-16,0.));
#1150=DIRECTION('',(4.44089209850063E-16,1.,0.));
#1151=DIRECTION('',(0.,0.,-1.));
#1152=DIRECTION('',(-1.,0.,0.));
#1153=DIRECTION('',(0.544639035015027,0.838670567945424,0.));
#1154=DIRECTION('',(-0.838670567945424,0.544639035015027,0.));
#1155=DIRECTION('',(1.,-4.44089209850063E-16,0.));
#1156=DIRECTION('',(4.44089209850063E-16,1.,0.));
#1157=DIRECTION('',(0.544639035015027,0.838670567945424,0.));
#1158=DIRECTION('',(-0.838670567945424,0.544639035015027,0.));
#1159=DIRECTION('',(0.544639035015027,0.838670567945424,0.));
#1160=DIRECTION('',(-0.838670567945424,0.544639035015027,0.));
#1161=DIRECTION('',(0.,0.,-1.));
#1162=DIRECTION('',(-1.,0.,0.));
#1163=DIRECTION('',(-1.,4.44089209850063E-16,0.));
#1164=DIRECTION('',(-4.44089209850063E-16,-1.,0.));
#1165=DIRECTION('',(0.,0.,1.));
#1166=DIRECTION('',(1.,0.,0.));
#1167=DIRECTION('',(0.,0.,1.));
#1168=DIRECTION('',(1.,0.,0.));
#1169=CARTESIAN_POINT('',(0.,0.,0.));
#1170=CARTESIAN_POINT('',(-1.96113121509552,0.,2.35479459012236));
#1171=CARTESIAN_POINT('',(-1.96113121509552,0.,-3.0988));
#1172=CARTESIAN_POINT('',(-6.58393121509552,0.,-3.0988));
#1173=CARTESIAN_POINT('',(-1.96113121509552,0.,6.4008));
#1174=CARTESIAN_POINT('',(-6.58393121509552,0.,6.4008));
#1175=CARTESIAN_POINT('',(-6.15213121509552,0.,6.4008));
#1176=CARTESIAN_POINT('',(-1.96113121509552,0.,6.4008));
#1177=CARTESIAN_POINT('',(-5.72033121509552,0.,6.4008));
#1178=CARTESIAN_POINT('',(-1.96113121509552,0.,2.35479459012236));
#1179=CARTESIAN_POINT('',(-1.96113121509552,0.,7.62));
#1180=CARTESIAN_POINT('',(-5.72033121509552,0.,7.62));
#1181=CARTESIAN_POINT('',(-6.96493121509552,0.,7.62));
#1182=CARTESIAN_POINT('',(-1.96113121509552,0.,7.62));
#1183=CARTESIAN_POINT('',(-7.34593121509552,0.,7.62));
#1184=CARTESIAN_POINT('',(-1.96113121509552,0.,2.35479459012236));
#1185=CARTESIAN_POINT('',(-1.96113121509552,0.,-3.8608));
#1186=CARTESIAN_POINT('',(-7.34593121509552,0.,-3.8608));
#1187=CARTESIAN_POINT('',(-6.96493121509552,0.,-3.8608));
#1188=CARTESIAN_POINT('',(-3.14223121509552,0.,-3.0988));
#1189=CARTESIAN_POINT('',(0.,0.,0.));
#1190=CARTESIAN_POINT('',(0.,0.,2.0193943977356));
#1191=CARTESIAN_POINT('',(-1.60019738407592,0.00337334466796563,1.78771867596541));
#1192=CARTESIAN_POINT('',(-1.60020131033491,8.90332545982355E-5,1.79861864037773));
#1193=CARTESIAN_POINT('',(-1.60019737458444,-0.0037294776863587,1.80932619133324));
#1194=CARTESIAN_POINT('',(-1.60017681787754,-0.00947617335816137,1.82322440912497));
#1195=CARTESIAN_POINT('',(-1.60011260280994,-0.0178931616817698,1.83996233702072));
#1196=CARTESIAN_POINT('',(-1.59996699889906,-0.0279199406033843,1.85582135460617));
#1197=CARTESIAN_POINT('',(-1.59977801478895,-0.0369697291218295,1.86801846124599));
#1198=CARTESIAN_POINT('',(-1.599535059973,-0.0465781252041215,1.8797008364612));
#1199=CARTESIAN_POINT('',(-1.59912013314545,-0.0595256758840828,1.89325643117001));
#1200=CARTESIAN_POINT('',(-1.59852015966867,-0.0737262252905833,1.90547229310628));
#1201=CARTESIAN_POINT('',(-1.59790556929181,-0.0858297009880248,1.91441974772266));
#1202=CARTESIAN_POINT('',(-1.59718919393527,-0.0984807681937129,1.92283225536795));
#1203=CARTESIAN_POINT('',(-1.59611468795352,-0.114861279904849,1.93203896503959));
#1204=CARTESIAN_POINT('',(-1.59450929738885,-0.135377745293945,1.94105847930565));
#1205=CARTESIAN_POINT('',(-1.59288089434772,-0.153182350944128,1.94689008046657));
#1206=CARTESIAN_POINT('',(-1.59138243136836,-0.167878392446703,1.95051859533807));
#1207=CARTESIAN_POINT('',(-1.5897786527437,-0.1825921055594,1.95338610673536));
#1208=CARTESIAN_POINT('',(-1.58756905444278,-0.201077404168196,1.95559550848303));
#1209=CARTESIAN_POINT('',(-1.58508312316367,-0.21966080608289,1.95599934437282));
#1210=CARTESIAN_POINT('',(-1.5829226623645,-0.234603690901345,1.95522695019226));
#1211=CARTESIAN_POINT('',(-1.5806529501975,-0.249550448090706,1.95371147419944));
#1212=CARTESIAN_POINT('',(-1.57768223237119,-0.267804075732414,1.95048771994351));
#1213=CARTESIAN_POINT('',(-1.57453517710282,-0.285600866313225,1.9455359467029));
#1214=CARTESIAN_POINT('',(-1.57192623444815,-0.299541734480648,1.94053979696935));
#1215=CARTESIAN_POINT('',(-1.56992291989792,-0.309868423116137,1.93626089880009));
#1216=CARTESIAN_POINT('',(-1.56789038399603,-0.319990991342103,1.93147145129103));
#1217=CARTESIAN_POINT('',(-1.56518310806073,-0.333043481800713,1.92449743277621));
#1218=CARTESIAN_POINT('',(-1.5617986090081,-0.348625096163071,1.91465412069947));
#1219=CARTESIAN_POINT('',(-1.55778606770613,-0.366120122934759,1.90108996724703));
#1220=CARTESIAN_POINT('',(-1.55384827999541,-0.38246642288691,1.88563475324093));
#1221=CARTESIAN_POINT('',(-1.5501841382443,-0.397033534032729,1.86886732016275));
#1222=CARTESIAN_POINT('',(-1.54738290745965,-0.407769093464258,1.85379266527631));
#1223=CARTESIAN_POINT('',(-1.54532047417492,-0.415494637650974,1.84106975335045));
#1224=CARTESIAN_POINT('',(-1.54386761436665,-0.420858975870113,1.83117373224988));
#1225=CARTESIAN_POINT('',(-1.54252529219993,-0.425750424280954,1.82097437470911));
#1226=CARTESIAN_POINT('',(-1.540916457355,-0.431544782238802,1.80718788628325));
#1227=CARTESIAN_POINT('',(-1.53923885162596,-0.437489335933615,1.78951060419779));
#1228=CARTESIAN_POINT('',(-1.53779152133361,-0.442541268361514,1.76765131938905));
#1229=CARTESIAN_POINT('',(-1.53694948331713,-0.44545166512714,1.74499504891414));
#1230=CARTESIAN_POINT('',(-1.53676520952865,-0.446085722989783,1.72249268651538));
#1231=CARTESIAN_POINT('',(-1.53714301933333,-0.444784165444661,1.70380371238782));
#1232=CARTESIAN_POINT('',(-1.53776329396757,-0.442634602356141,1.68891639824129));
#1233=CARTESIAN_POINT('',(-1.53839071328529,-0.440450008337878,1.67774112193991));
#1234=CARTESIAN_POINT('',(-1.53916745178809,-0.437729129225279,1.66675958657416));
#1235=CARTESIAN_POINT('',(-1.54039022043015,-0.433414067613336,1.65241095390142));
#1236=CARTESIAN_POINT('',(-1.54225670207362,-0.42674712480277,1.63499893855869));
#1237=CARTESIAN_POINT('',(-1.54454290827986,-0.418393857679606,1.61827217678432));
#1238=CARTESIAN_POINT('',(-1.54660699123484,-0.4106819766374,1.60532918533919));
#1239=CARTESIAN_POINT('',(-1.54878144434786,-0.402429425715752,1.59291354104514));
#1240=CARTESIAN_POINT('',(-1.55170109199076,-0.391071816675672,1.57827428027678));
#1241=CARTESIAN_POINT('',(-1.5554677476836,-0.375835169350998,1.56212550391447));
#1242=CARTESIAN_POINT('',(-1.55947242653794,-0.358878793817618,1.54735968496878));
#1243=CARTESIAN_POINT('',(-1.56351936422696,-0.340834046086659,1.53451669022463));
#1244=CARTESIAN_POINT('',(-1.56690299857571,-0.324860521102192,1.52531945317226));
#1245=CARTESIAN_POINT('',(-1.56959365352684,-0.3115309656273,1.51888529868882));
#1246=CARTESIAN_POINT('',(-1.57160521634485,-0.301221992629985,1.51451526436882));
#1247=CARTESIAN_POINT('',(-1.57358242542559,-0.290717723723176,1.51065945421536));
#1248=CARTESIAN_POINT('',(-1.57614579501263,-0.276578256669541,1.5062381679861));
#1249=CARTESIAN_POINT('',(-1.57921875003394,-0.258593190992236,1.50202220661789));
#1250=CARTESIAN_POINT('',(-1.58267215493298,-0.23655851619246,1.49905482715814));
#1251=CARTESIAN_POINT('',(-1.58588645398734,-0.21395429781507,1.49825333317839));
#1252=CARTESIAN_POINT('',(-1.58873089869122,-0.191676257773419,1.49966283184129));
#1253=CARTESIAN_POINT('',(-1.59081722160168,-0.173305420885583,1.50263029768516));
#1254=CARTESIAN_POINT('',(-1.59231843539278,-0.158751435263258,1.50609410904477));
#1255=CARTESIAN_POINT('',(-1.59336485985721,-0.147877725125972,1.50925557884316));
#1256=CARTESIAN_POINT('',(-1.59432206294528,-0.137166883894592,1.51295653537892));
#1257=CARTESIAN_POINT('',(-1.59547241778532,-0.123254097306473,1.51854674112208));
#1258=CARTESIAN_POINT('',(-1.5966945807731,-0.106467907149846,1.52677370367802));
#1259=CARTESIAN_POINT('',(-1.59765834000933,-0.0905281198902941,1.53662088918348));
#1260=CARTESIAN_POINT('',(-1.59829429728691,-0.0782478518736462,1.54553436500621));
#1261=CARTESIAN_POINT('',(-1.59883737288307,-0.066466612347678,1.55501841893232));
#1262=CARTESIAN_POINT('',(-1.59935495990681,-0.0527746772163368,1.56782380026447));
#1263=CARTESIAN_POINT('',(-1.59970159527146,-0.0404034361623192,1.58190367877597));
#1264=CARTESIAN_POINT('',(-1.59989800655523,-0.0313217491246833,1.59392491162039));
#1265=CARTESIAN_POINT('',(-1.60004744012198,-0.0227690408071599,1.60650230724922));
#1266=CARTESIAN_POINT('',(-1.6001549282263,-0.013378854750676,1.62281424153137));
#1267=CARTESIAN_POINT('',(-1.60020169070012,-0.00412770143054651,1.64329494413684));
#1268=CARTESIAN_POINT('',(-1.60020107607734,0.00190107471125694,1.6611122432989));
#1269=CARTESIAN_POINT('',(-1.60019058021321,0.00568597957354545,1.67584597793493));
#1270=CARTESIAN_POINT('',(-1.60017732637091,0.00870463599205106,1.69061610409758));
#1271=CARTESIAN_POINT('',(-1.60016178565884,0.0110914236905871,1.70920893675871));
#1272=CARTESIAN_POINT('',(-1.60015759736288,0.0116479124822805,1.72795193228574));
#1273=CARTESIAN_POINT('',(-1.60016242022961,0.0109766493436051,1.7430506788628));
#1274=CARTESIAN_POINT('',(-1.60017189526176,0.00954448085032609,1.75818701654364));
#1275=CARTESIAN_POINT('',(-1.60018618251965,0.00700628891108874,1.77306099311581));
#1276=CARTESIAN_POINT('',(-1.60019738407592,0.00337334466796563,1.78771867596541));
#1277=CARTESIAN_POINT('',(-1.60020131033491,8.90332545982355E-5,1.79861864037773));
#1278=CARTESIAN_POINT('',(-1.60019737458444,-0.0037294776863587,1.80932619133324));
#1279=CARTESIAN_POINT('',(-1.6002,7.29400018369423E-17,1.79858657146826));
#1280=CARTESIAN_POINT('',(0.,0.,3.2766));
#1281=CARTESIAN_POINT('',(-1.6002,0.,3.2766));
#1282=CARTESIAN_POINT('',(0.917837013448944,-1.31080710127124,0.0508));
#1283=CARTESIAN_POINT('',(0.917837013448944,-1.31080710127124,0.7366));
#1284=CARTESIAN_POINT('',(0.917837013448944,-1.31080710127124,-0.635));
#1285=CARTESIAN_POINT('',(0.,0.,0.7366));
#1286=CARTESIAN_POINT('',(0.917837013448944,1.31080710127124,0.7366));
#1287=CARTESIAN_POINT('',(0.917837013448944,1.31080710127124,0.0508));
#1288=CARTESIAN_POINT('',(0.917837013448944,1.31080710127124,-0.635));
#1289=CARTESIAN_POINT('',(0.,0.,-0.635));
#1290=CARTESIAN_POINT('',(-0.617177996282041,1.47639136756957,2.45237488185315));
#1291=CARTESIAN_POINT('',(-0.61744213954726,1.47628087390441,2.46380303217896));
#1292=CARTESIAN_POINT('',(-0.617177948502499,1.47639138527077,2.47521298943102));
#1293=CARTESIAN_POINT('',(-0.61613609898667,1.47682670436071,2.4902705963052));
#1294=CARTESIAN_POINT('',(-0.613557443948921,1.47790172977297,2.50887252215422));
#1295=CARTESIAN_POINT('',(-0.609293838162984,1.4796655242555,2.52713926995445));
#1296=CARTESIAN_POINT('',(-0.604821792167231,1.48149779110162,2.54160693860582));
#1297=CARTESIAN_POINT('',(-0.599701226651824,1.48358111956748,2.55574951386665));
#1298=CARTESIAN_POINT('',(-0.59214855833248,1.48661978697617,2.57272358370768));
#1299=CARTESIAN_POINT('',(-0.58306184148055,1.49020496535252,2.58880818741633));
#1300=CARTESIAN_POINT('',(-0.574862199290515,1.49338180552706,2.60112120620522));
#1301=CARTESIAN_POINT('',(-0.566000263461722,1.49677144883216,2.61308897567894));
#1302=CARTESIAN_POINT('',(-0.554000760282767,1.50126937079154,2.62696436306426));
#1303=CARTESIAN_POINT('',(-0.538151590199026,1.50702884238608,2.64194899862261));
#1304=CARTESIAN_POINT('',(-0.52372540716301,1.51209252435519,2.65304748418058));
#1305=CARTESIAN_POINT('',(-0.511422669664655,1.51628471012967,2.66106604167005));
#1306=CARTESIAN_POINT('',(-0.498849412516151,1.52048258640936,2.66835654095989));
#1307=CARTESIAN_POINT('',(-0.48256462944172,1.52575152441592,2.67618291352084));
#1308=CARTESIAN_POINT('',(-0.465553667308151,1.53101039261148,2.68230602426814));
#1309=CARTESIAN_POINT('',(-0.451473037859053,1.5352046894187,2.68617779471759));
#1310=CARTESIAN_POINT('',(-0.437148362868774,1.53936313880531,2.68933065690308));
#1311=CARTESIAN_POINT('',(-0.41916502807234,1.5443798411522,2.6918651963198));
#1312=CARTESIAN_POINT('',(-0.400983163934322,1.54917786125008,2.6926035550576));
#1313=CARTESIAN_POINT('',(-0.38634631853203,1.5528746150962,2.69211432643033));
#1314=CARTESIAN_POINT('',(-0.375287995813863,1.55558416749601,2.69119845092747));
#1315=CARTESIAN_POINT('',(-0.364279955450448,1.55819838771515,2.68973889677198));
#1316=CARTESIAN_POINT('',(-0.349790858410779,1.56153201884384,2.68709875657354));
#1317=CARTESIAN_POINT('',(-0.331968870986011,1.56543670472956,2.68251114810787));
#1318=CARTESIAN_POINT('',(-0.311071655311292,1.5697208259075,2.67498197984738));
#1319=CARTESIAN_POINT('',(-0.290641656823612,1.5736275639542,2.66535055756757));
#1320=CARTESIAN_POINT('',(-0.271434221777587,1.57704867233684,2.65397674777078));
#1321=CARTESIAN_POINT('',(-0.256340022938973,1.57955390500493,2.64303852349506));
#1322=CARTESIAN_POINT('',(-0.244849552910998,1.58136437911619,2.63341154021771));
#1323=CARTESIAN_POINT('',(-0.236505785545019,1.58263319396672,2.62572141969824));
#1324=CARTESIAN_POINT('',(-0.228537604596557,1.58380270554013,2.6176389406139));
#1325=CARTESIAN_POINT('',(-0.218512544920144,1.58522404070163,2.6064487011069));
#1326=CARTESIAN_POINT('',(-0.207046711923672,1.58676647780547,2.59164221321154));
#1327=CARTESIAN_POINT('',(-0.197035035674562,1.58803055788657,2.57576293811801));
#1328=CARTESIAN_POINT('',(-0.189918375607841,1.5888926523668,2.56236185126713));
#1329=CARTESIAN_POINT('',(-0.183465031602896,1.58965326446774,2.5485718785114));
#1330=CARTESIAN_POINT('',(-0.176807686523025,1.59040711351481,2.53098379152541));
#1331=CARTESIAN_POINT('',(-0.17196387594681,1.59093445282817,2.51283676336331));
#1332=CARTESIAN_POINT('',(-0.169208543199273,1.5912289516988,2.49800543850857));
#1333=CARTESIAN_POINT('',(-0.167709404023434,1.59138746347379,2.48668924103846));
#1334=CARTESIAN_POINT('',(-0.166806830003953,1.59148221398149,2.47529764411931));
#1335=CARTESIAN_POINT('',(-0.166403021578639,1.59152442081577,2.46020398190356));
#1336=CARTESIAN_POINT('',(-0.167366636453549,1.59142384792982,2.44141825325716));
#1337=CARTESIAN_POINT('',(-0.170266481745916,1.59111718512462,2.42278581821569));
#1338=CARTESIAN_POINT('',(-0.173787032675498,1.59073599041638,2.40792338621393));
#1339=CARTESIAN_POINT('',(-0.178040153263373,1.59026748967238,2.39337972549747));
#1340=CARTESIAN_POINT('',(-0.184691633400862,1.58951441085261,2.37576836240348));
#1341=CARTESIAN_POINT('',(-0.194730379694171,1.58832048294206,2.35554257226411));
#1342=CARTESIAN_POINT('',(-0.206895556130331,1.58678658654115,2.33615663775061));
#1343=CARTESIAN_POINT('',(-0.220691112007842,1.58493143994989,2.31832655509273));
#1344=CARTESIAN_POINT('',(-0.233518657574323,1.58308612030353,2.3046534393032));
#1345=CARTESIAN_POINT('',(-0.24455893761231,1.58140938650528,2.29444339145185));
#1346=CARTESIAN_POINT('',(-0.256161416736611,1.57958326777575,2.28469386115646));
#1347=CARTESIAN_POINT('',(-0.271328124292038,1.57706725261799,2.27368985844647));
#1348=CARTESIAN_POINT('',(-0.290525145480033,1.57364811890987,2.26231954449143));
#1349=CARTESIAN_POINT('',(-0.307328333898778,1.57043840364676,2.25436806448529));
#1350=CARTESIAN_POINT('',(-0.321308208494012,1.56762232782626,2.24892976329392));
#1351=CARTESIAN_POINT('',(-0.335408274877225,1.56468289918107,2.24420497481548));
#1352=CARTESIAN_POINT('',(-0.353234864734074,1.56077803761968,2.23961107305139));
#1353=CARTESIAN_POINT('',(-0.371334858852019,1.5565503404267,2.23674510561809));
#1354=CARTESIAN_POINT('',(-0.385964151735133,1.55296969398399,2.23550788673298));
#1355=CARTESIAN_POINT('',(-0.397052173372376,1.55017199534221,2.23511923528031));
#1356=CARTESIAN_POINT('',(-0.408071060011743,1.54730761949503,2.23528334967044));
#1357=CARTESIAN_POINT('',(-0.422615140720392,1.54341672759709,2.23622519901364));
#1358=CARTESIAN_POINT('',(-0.440554170046711,1.53841338935537,2.23874753047345));
#1359=CARTESIAN_POINT('',(-0.458141073554685,1.5332448693326,2.24305671270927));
#1360=CARTESIAN_POINT('',(-0.472051766927696,1.5290017154253,2.24763145813268));
#1361=CARTESIAN_POINT('',(-0.485656451947803,1.52475080495056,2.25290605408206));
#1362=CARTESIAN_POINT('',(-0.501948880922534,1.51948051920436,2.26072622917423));
#1363=CARTESIAN_POINT('',(-0.517360234271286,1.51428128309422,2.27017781200231));
#1364=CARTESIAN_POINT('',(-0.529140421540025,1.51019168557506,2.27871899114691));
#1365=CARTESIAN_POINT('',(-0.537729014721888,1.50715430770574,2.28565148075976));
#1366=CARTESIAN_POINT('',(-0.545918312172014,1.50420651417117,2.29299277828531));
#1367=CARTESIAN_POINT('',(-0.556283487662215,1.50041330725988,2.3032828202767));
#1368=CARTESIAN_POINT('',(-0.568237628671363,1.49593309315169,2.31709316761984));
#1369=CARTESIAN_POINT('',(-0.578860274910747,1.49184190609965,2.3321429102791));
#1370=CARTESIAN_POINT('',(-0.586562284388338,1.48882387194487,2.34498391494906));
#1371=CARTESIAN_POINT('',(-0.593586481535589,1.48604116879244,2.35811641159202));
#1372=CARTESIAN_POINT('',(-0.601145876752893,1.48299998160082,2.37508743926552));
#1373=CARTESIAN_POINT('',(-0.607106828979908,1.48056393863674,2.39278045053495));
#1374=CARTESIAN_POINT('',(-0.61090949784116,1.47899705590168,2.40738136554746));
#1375=CARTESIAN_POINT('',(-0.614048858842995,1.47769692518643,2.4222680717062));
#1376=CARTESIAN_POINT('',(-0.616129530070677,1.47682943706448,2.43725347178612));
#1377=CARTESIAN_POINT('',(-0.617177996282041,1.47639136756957,2.45237488185315));
#1378=CARTESIAN_POINT('',(-0.61744213954726,1.47628087390441,2.46380303217896));
#1379=CARTESIAN_POINT('',(-0.617177948502499,1.47639138527077,2.47521298943102));
#1380=CARTESIAN_POINT('',(-0.617354083828929,1.47631770807633,2.4638));
#1381=CARTESIAN_POINT('',(0.,0.,2.0193943977356));
#1382=CARTESIAN_POINT('',(-1.19379645558851,0.0033898675314846,1.78766213234008));
#1383=CARTESIAN_POINT('',(-1.19380177489426,8.9869129439951E-5,1.7986192161347));
#1384=CARTESIAN_POINT('',(-1.19379644483445,-0.00374934404924442,1.8093804319307));
#1385=CARTESIAN_POINT('',(-1.19376857467175,-0.00953047473179818,1.82334700148499));
#1386=CARTESIAN_POINT('',(-1.19368142930204,-0.0180030420305663,1.84016388459237));
#1387=CARTESIAN_POINT('',(-1.19348361508641,-0.0281018455876588,1.85609286377581));
#1388=CARTESIAN_POINT('',(-1.19322659906793,-0.0372207642055486,1.86834062048613));
#1389=CARTESIAN_POINT('',(-1.19289640091196,-0.0468946216164198,1.88005705388723));
#1390=CARTESIAN_POINT('',(-1.19233221507103,-0.0599345509656478,1.89364844000226));
#1391=CARTESIAN_POINT('',(-1.19151620251819,-0.0742348911409891,1.90588310173213));
#1392=CARTESIAN_POINT('',(-1.190679783157,-0.0864261703069786,1.91483788927972));
#1393=CARTESIAN_POINT('',(-1.18970520286692,-0.0991604571306313,1.9232450126064));
#1394=CARTESIAN_POINT('',(-1.18824526517503,-0.115622604248856,1.93241957596424));
#1395=CARTESIAN_POINT('',(-1.18606421975436,-0.136233009806999,1.94138628097127));
#1396=CARTESIAN_POINT('',(-1.18385020539082,-0.154119368363156,1.94716160181659));
#1397=CARTESIAN_POINT('',(-1.18181736421709,-0.168842342317766,1.95072909554339));
#1398=CARTESIAN_POINT('',(-1.17964467507167,-0.183559143881542,1.95353168871133));
#1399=CARTESIAN_POINT('',(-1.17665048314531,-0.202042209568213,1.95565954674121));
#1400=CARTESIAN_POINT('',(-1.17261331077959,-0.224299403003918,1.95605507393312));
#1401=CARTESIAN_POINT('',(-1.16809781391687,-0.246733108694242,1.95424705116051));
#1402=CARTESIAN_POINT('',(-1.16328334864787,-0.268499333457367,1.95032412633348));
#1403=CARTESIAN_POINT('',(-1.15903163119841,-0.286171429379395,1.94535333970004));
#1404=CARTESIAN_POINT('',(-1.15550492221788,-0.300007911309699,1.94035816557679));
#1405=CARTESIAN_POINT('',(-1.1527918741526,-0.310267926906827,1.93608160063801));
#1406=CARTESIAN_POINT('',(-1.1500525548967,-0.320269213992786,1.93132895447337));
#1407=CARTESIAN_POINT('',(-1.14639367462746,-0.333192668177117,1.92440540030886));
#1408=CARTESIAN_POINT('',(-1.14181208943392,-0.348626768933511,1.91464567308764));
#1409=CARTESIAN_POINT('',(-1.13635959835433,-0.365991561338221,1.90119265814983));
#1410=CARTESIAN_POINT('',(-1.13099651152948,-0.382221730428594,1.88588096811297));
#1411=CARTESIAN_POINT('',(-1.1259885764156,-0.396708670517253,1.86927113976492));
#1412=CARTESIAN_POINT('',(-1.12213826973557,-0.407425298450731,1.85430563821588));
#1413=CARTESIAN_POINT('',(-1.11929194049206,-0.415157598908663,1.84165353809816));
#1414=CARTESIAN_POINT('',(-1.1172810580575,-0.420537281342014,1.83180078793028));
#1415=CARTESIAN_POINT('',(-1.11541676277904,-0.425455217106364,1.82162802527224));
#1416=CARTESIAN_POINT('',(-1.11317699660761,-0.431289918498769,1.80786681086463));
#1417=CARTESIAN_POINT('',(-1.11083104855892,-0.437295304919234,1.79020059447429));
#1418=CARTESIAN_POINT('',(-1.10913444806153,-0.441568308072679,1.77194850298741));
#1419=CARTESIAN_POINT('',(-1.10819408568028,-0.44392023303345,1.75694969045212));
#1420=CARTESIAN_POINT('',(-1.10754991833284,-0.445524858638114,1.74177213990498));
#1421=CARTESIAN_POINT('',(-1.10731848125817,-0.44609853359496,1.72293208043231));
#1422=CARTESIAN_POINT('',(-1.10783316639537,-0.444821059700128,1.7041457613933));
#1423=CARTESIAN_POINT('',(-1.10868993863223,-0.442680987164861,1.68918447403999));
#1424=CARTESIAN_POINT('',(-1.10984948744716,-0.439769899099921,1.67421182892053));
#1425=CARTESIAN_POINT('',(-1.11181232680084,-0.43479912470854,1.65604809062489));
#1426=CARTESIAN_POINT('',(-1.11439631907461,-0.428132961267371,1.63860504458477));
#1427=CARTESIAN_POINT('',(-1.11680685421995,-0.421794345961998,1.62508212815428));
#1428=CARTESIAN_POINT('',(-1.11878593385024,-0.416518950464526,1.6151310400946));
#1429=CARTESIAN_POINT('',(-1.12090849410413,-0.41077483737697,1.60547913333765));
#1430=CARTESIAN_POINT('',(-1.12388873510661,-0.402575936428918,1.59311944544377));
#1431=CARTESIAN_POINT('',(-1.12788341267753,-0.391297742778125,1.57854328455005));
#1432=CARTESIAN_POINT('',(-1.13217217385239,-0.378682793141415,1.56512856587183));
#1433=CARTESIAN_POINT('',(-1.13575921819837,-0.367743393121706,1.55507746252354));
#1434=CARTESIAN_POINT('',(-1.13937816529482,-0.356425189549355,1.54565199406434));
#1435=CARTESIAN_POINT('',(-1.14394773353694,-0.341562552161647,1.53499205650903));
#1436=CARTESIAN_POINT('',(-1.14853097257177,-0.325753928638607,1.5258019228561));
#1437=CARTESIAN_POINT('',(-1.152179775419,-0.312532647443503,1.51934274629564));
#1438=CARTESIAN_POINT('',(-1.15581543719229,-0.29889325803278,1.51348290545047));
#1439=CARTESIAN_POINT('',(-1.1601985761284,-0.281522921483361,1.50747847738378));
#1440=CARTESIAN_POINT('',(-1.16518658849892,-0.260120491292411,1.50231170328691));
#1441=CARTESIAN_POINT('',(-1.16908878905344,-0.241848592644418,1.49972171190848));
#1442=CARTESIAN_POINT('',(-1.17205800510663,-0.226896682127248,1.49871487815805));
#1443=CARTESIAN_POINT('',(-1.17487313819356,-0.211971505654458,1.49844704652787));
#1444=CARTESIAN_POINT('',(-1.17809454203408,-0.193441772365283,1.4994718096265));
#1445=CARTESIAN_POINT('',(-1.18093618300941,-0.17505320288953,1.50229576418647));
#1446=CARTESIAN_POINT('',(-1.18298560268753,-0.160450169501819,1.50565160807019));
#1447=CARTESIAN_POINT('',(-1.18441731448406,-0.14951267111592,1.5087421727028));
#1448=CARTESIAN_POINT('',(-1.18572259470666,-0.138774634595019,1.51236294620556));
#1449=CARTESIAN_POINT('',(-1.18729556579133,-0.124791326833486,1.51786041032049));
#1450=CARTESIAN_POINT('',(-1.18896956470844,-0.107894712084692,1.52598910447036));
#1451=CARTESIAN_POINT('',(-1.19029358663475,-0.0918081220284556,1.53577320981707));
#1452=CARTESIAN_POINT('',(-1.19116846322011,-0.0793979090141894,1.54465968110309));
#1453=CARTESIAN_POINT('',(-1.19191380010469,-0.067525513382888,1.55409566342581));
#1454=CARTESIAN_POINT('',(-1.19262699942491,-0.0536901623502333,1.56687944635833));
#1455=CARTESIAN_POINT('',(-1.19310594507481,-0.0411737601271879,1.58096680789782));
#1456=CARTESIAN_POINT('',(-1.19337829230587,-0.0319646441328808,1.5930307654145));
#1457=CARTESIAN_POINT('',(-1.19358535023371,-0.0233094934876373,1.60563277016106));
#1458=CARTESIAN_POINT('',(-1.19373494602816,-0.013817192138797,1.62195650049777));
#1459=CARTESIAN_POINT('',(-1.19379043698259,-0.00599427819054586,1.63909056950846));
#1460=CARTESIAN_POINT('',(-1.19380164725038,-0.000753864085052427,1.65326762344412));
#1461=CARTESIAN_POINT('',(-1.19379840350343,0.00266704945591192,1.66415824219506));
#1462=CARTESIAN_POINT('',(-1.19378805427822,0.00554576291471946,1.67523953287461));
#1463=CARTESIAN_POINT('',(-1.19377031464151,0.00861430626164063,1.69005140270046));
#1464=CARTESIAN_POINT('',(-1.193749137389,0.0110563753932622,1.7087298696209));
#1465=CARTESIAN_POINT('',(-1.19374185100826,0.0117740430738789,1.73135926630143));
#1466=CARTESIAN_POINT('',(-1.19375724435385,0.0102075874273169,1.75426919460643));
#1467=CARTESIAN_POINT('',(-1.19378133346416,0.00703342595539214,1.77293633640978));
#1468=CARTESIAN_POINT('',(-1.19379645558851,0.0033898675314846,1.78766213234008));
#1469=CARTESIAN_POINT('',(-1.19380177489426,8.9869129439951E-5,1.7986192161347));
#1470=CARTESIAN_POINT('',(-1.19379644483445,-0.00374934404924442,1.8093804319307));
#1471=CARTESIAN_POINT('',(-1.1938,-4.2236081964182E-17,1.79858657146826));
#1472=CARTESIAN_POINT('',(0.,0.,2.8702));
#1473=CARTESIAN_POINT('',(-1.1938,0.,2.8702));
#1474=CARTESIAN_POINT('',(0.,0.,0.7366));
#1475=CARTESIAN_POINT('',(0.684735549715879,-0.977903710472199,0.7366));
#1476=CARTESIAN_POINT('',(0.684735549715879,0.977903710472199,0.7366));
#1477=CARTESIAN_POINT('',(0.684735549715879,-0.977903710472199,0.438962831279502));
#1478=CARTESIAN_POINT('',(0.684735549715879,-0.977903710472198,-0.635));
#1479=CARTESIAN_POINT('',(0.,0.,-0.635));
#1480=CARTESIAN_POINT('',(0.684735549715879,0.977903710472198,-0.635));
#1481=CARTESIAN_POINT('',(0.684735549715879,0.977903710472199,0.438962831279502));
#1482=CARTESIAN_POINT('',(-0.445234824219751,1.10766624236161,2.45227146049658));
#1483=CARTESIAN_POINT('',(-0.445505423449557,1.10755737149969,2.46380421265018));
#1484=CARTESIAN_POINT('',(-0.445234891681329,1.10766621214423,2.47531168890271));
#1485=CARTESIAN_POINT('',(-0.444168259885385,1.10809466754679,2.49049895918356));
#1486=CARTESIAN_POINT('',(-0.441528002062271,1.10915188636081,2.50925814568569));
#1487=CARTESIAN_POINT('',(-0.437160260369926,1.11088194336971,2.52767691911697));
#1488=CARTESIAN_POINT('',(-0.432575292302257,1.11267349375142,2.54226209938803));
#1489=CARTESIAN_POINT('',(-0.427330853493903,1.11470253627603,2.55649683229587));
#1490=CARTESIAN_POINT('',(-0.41958897517583,1.11765072554009,2.57358098662076));
#1491=CARTESIAN_POINT('',(-0.41026754454382,1.12110305875146,2.58975402407738));
#1492=CARTESIAN_POINT('',(-0.401843574820959,1.124142555091,2.60213146799701));
#1493=CARTESIAN_POINT('',(-0.392744905206064,1.12736519733348,2.6141385426417));
#1494=CARTESIAN_POINT('',(-0.380436673326145,1.13159870583838,2.62802029035081));
#1495=CARTESIAN_POINT('',(-0.366866550881532,1.13605912463861,2.64049870294047));
#1496=CARTESIAN_POINT('',(-0.355252692678946,1.1397293406931,2.64962570352492));
#1497=CARTESIAN_POINT('',(-0.346144034482967,1.1425297808024,2.65604758932888));
#1498=CARTESIAN_POINT('',(-0.336673941850303,1.14535686314341,2.66200512806533));
#1499=CARTESIAN_POINT('',(-0.323772950170441,1.14909079195357,2.66920948855323));
#1500=CARTESIAN_POINT('',(-0.307049304968022,1.15370238952297,2.67691500750855));
#1501=CARTESIAN_POINT('',(-0.289580470520804,1.15818713853742,2.68289640448782));
#1502=CARTESIAN_POINT('',(-0.275087626944487,1.16169164287636,2.68664962814568));
#1503=CARTESIAN_POINT('',(-0.260445778503829,1.16508600158494,2.68965729041074));
#1504=CARTESIAN_POINT('',(-0.242023642201286,1.16908287653848,2.69202639228921));
#1505=CARTESIAN_POINT('',(-0.223397750501852,1.17275459054013,2.69260780276538));
#1506=CARTESIAN_POINT('',(-0.208392515777056,1.17548926563271,2.69200371705774));
#1507=CARTESIAN_POINT('',(-0.193277302851586,1.17809366290332,2.69067320912753));
#1508=CARTESIAN_POINT('',(-0.174681600036873,1.18102112890316,2.68770281331619));
#1509=CARTESIAN_POINT('',(-0.152809798742962,1.18404653341516,2.68213160213775));
#1510=CARTESIAN_POINT('',(-0.134968702410489,1.18618309650963,2.67583908832692));
#1511=CARTESIAN_POINT('',(-0.120901973615364,1.18767747629797,2.66977832906781));
#1512=CARTESIAN_POINT('',(-0.107211117120007,1.18901020118558,2.66313235494104));
#1513=CARTESIAN_POINT('',(-0.090769985100214,1.1903960647098,2.65374506480057));
#1514=CARTESIAN_POINT('',(-0.0752206970976674,1.19145439387353,2.64292735466296));
#1515=CARTESIAN_POINT('',(-0.0633415229892036,1.19212923530167,2.63340531854355));
#1516=CARTESIAN_POINT('',(-0.0546913170129514,1.19255660879135,2.62579195623289));
#1517=CARTESIAN_POINT('',(-0.0464373717490863,1.19290551086632,2.61781327789946));
#1518=CARTESIAN_POINT('',(-0.0360117516646815,1.19327587969062,2.60674615690823));
#1519=CARTESIAN_POINT('',(-0.0240373484787397,1.19358339252733,2.5920836594515));
#1520=CARTESIAN_POINT('',(-0.0135130242065181,1.19373445096683,2.57630905292586));
#1521=CARTESIAN_POINT('',(-0.00600044594935677,1.19378899695867,2.56297000616839));
#1522=CARTESIAN_POINT('',(0.000851440983791961,1.19380758161203,2.54918348185613));
#1523=CARTESIAN_POINT('',(0.00794200173570943,1.1937809929867,2.53157833117447));
#1524=CARTESIAN_POINT('',(0.0131273986090532,1.19372971915451,2.51337477304968));
#1525=CARTESIAN_POINT('',(0.0160894879935246,1.19369208416192,2.49846652459277));
#1526=CARTESIAN_POINT('',(0.0177066869054839,1.19366890384942,2.48709033790181));
#1527=CARTESIAN_POINT('',(0.0186903653270091,1.19365373896162,2.4755746682471));
#1528=CARTESIAN_POINT('',(0.0191370595774725,1.19364655884992,2.46033905875365));
#1529=CARTESIAN_POINT('',(0.0181159296052982,1.19366320445558,2.44138723701467));
#1530=CARTESIAN_POINT('',(0.0150156924220657,1.19370770647157,2.42260433695634));
#1531=CARTESIAN_POINT('',(0.0112550383151422,1.19374830228198,2.40764526267974));
#1532=CARTESIAN_POINT('',(0.00672448098207867,1.19378525233913,2.39304457664855));
#1533=CARTESIAN_POINT('',(-0.000345479841256347,1.19381257356292,2.37538763447841));
#1534=CARTESIAN_POINT('',(-0.00920934710411033,1.19377598830613,2.35852383924237));
#1535=CARTESIAN_POINT('',(-0.0173956569190187,1.19367891832248,2.34546965577388));
#1536=CARTESIAN_POINT('',(-0.0261613051754446,1.19352805259993,2.3329323984492));
#1537=CARTESIAN_POINT('',(-0.0381731671510336,1.19322173343947,2.31818140160183));
#1538=CARTESIAN_POINT('',(-0.0541858153669419,1.19260960081052,2.30191142169134));
#1539=CARTESIAN_POINT('',(-0.0718571155112804,1.19168212563244,2.28702243778259));
#1540=CARTESIAN_POINT('',(-0.0905500931609128,1.19041278720178,2.2739939773314));
#1541=CARTESIAN_POINT('',(-0.106991404285653,1.1890298966755,2.26458506120451));
#1542=CARTESIAN_POINT('',(-0.120645138343035,1.18770344511196,2.25794028794085));
#1543=CARTESIAN_POINT('',(-0.131162264235655,1.18658883409667,2.25339282739202));
#1544=CARTESIAN_POINT('',(-0.141868649837991,1.18535681918494,2.24932779313859));
#1545=CARTESIAN_POINT('',(-0.156240705776491,1.18357071945076,2.24460059440963));
#1546=CARTESIAN_POINT('',(-0.17445243221118,1.1810547354662,2.23994603743827));
#1547=CARTESIAN_POINT('',(-0.192972292994228,1.1781428950355,2.23696960790697));
#1548=CARTESIAN_POINT('',(-0.207978673728887,1.17556261293962,2.23562290100146));
#1549=CARTESIAN_POINT('',(-0.223122189815285,1.17280785525719,2.23498869671961));
#1550=CARTESIAN_POINT('',(-0.241777859828157,1.1691336035158,2.23555473733308));
#1551=CARTESIAN_POINT('',(-0.263829636825961,1.16435375867276,2.23836862764675));
#1552=CARTESIAN_POINT('',(-0.281882462866808,1.16008463600641,2.24250885952335));
#1553=CARTESIAN_POINT('',(-0.296185003404963,1.15649165594358,2.24696430503685));
#1554=CARTESIAN_POINT('',(-0.310131832119454,1.1528511895218,2.25211282807615));
#1555=CARTESIAN_POINT('',(-0.326867163082244,1.14823950504854,2.25980313255676));
#1556=CARTESIAN_POINT('',(-0.342708364185641,1.14358255423512,2.26916130652636));
#1557=CARTESIAN_POINT('',(-0.354829723408828,1.13986131077907,2.27765851313894));
#1558=CARTESIAN_POINT('',(-0.366612626160225,1.13614189697985,2.2868762199882));
#1559=CARTESIAN_POINT('',(-0.380267474546586,1.13165568717307,2.2994059649559));
#1560=CARTESIAN_POINT('',(-0.395007277632406,1.12658785468156,2.31600118175141));
#1561=CARTESIAN_POINT('',(-0.405937809823694,1.12267786284066,2.33113840457332));
#1562=CARTESIAN_POINT('',(-0.413843871159993,1.1197784985167,2.3440476876191));
#1563=CARTESIAN_POINT('',(-0.421041878844196,1.11709721983233,2.35723791623019));
#1564=CARTESIAN_POINT('',(-0.428797462083458,1.11414426351844,2.37432541115245));
#1565=CARTESIAN_POINT('',(-0.436140036142402,1.11128560151986,2.39572911290027));
#1566=CARTESIAN_POINT('',(-0.441501553187631,1.10916258147969,2.41814438471104));
#1567=CARTESIAN_POINT('',(-0.444161094652776,1.10809752939421,2.43702407469464));
#1568=CARTESIAN_POINT('',(-0.445234824219751,1.10766624236161,2.45227146049658));
#1569=CARTESIAN_POINT('',(-0.445505423449557,1.10755737149969,2.46380421265018));
#1570=CARTESIAN_POINT('',(-0.445234891681329,1.10766621214423,2.47531168890271));
#1571=CARTESIAN_POINT('',(-0.445415234949884,1.10759365675077,2.4638));
#1572=CARTESIAN_POINT('',(-0.7493,0.,2.8702));
#1573=CARTESIAN_POINT('',(0.,0.,2.8702));
#1574=CARTESIAN_POINT('',(-0.3048,0.,2.8702));
#1575=CARTESIAN_POINT('',(0.,0.,2.0193943977356));
#1576=CARTESIAN_POINT('',(0.,0.,3.2766));
#1577=CARTESIAN_POINT('',(-0.3048,0.,3.2766));
#1578=CARTESIAN_POINT('',(-0.9525,0.,3.2766));
#1579=CARTESIAN_POINT('',(-1.397,0.,-0.635));
#1580=CARTESIAN_POINT('',(0.801286281582412,-1.14435540587172,-0.635));
#1581=CARTESIAN_POINT('',(0.801286281582411,1.14435540587172,-0.635));
#1582=CARTESIAN_POINT('',(0.801286281582412,-1.14435540587172,0.7366));
#1583=CARTESIAN_POINT('',(0.801286281582411,1.14435540587172,0.7366));
#1584=CARTESIAN_POINT('',(0.801286281582412,-1.14435540587172,0.7366));
#1585=CARTESIAN_POINT('',(-1.64780801729273,2.35331373539029,2.18359173276359));
#1586=CARTESIAN_POINT('',(-1.64780801729273,-2.35331373539029,2.18359173276359));
#1587=CARTESIAN_POINT('',(-0.33650774557009,1.41495447398914,2.4638));
#1588=CARTESIAN_POINT('',(-1.36877349019051,-0.217167947483063,1.7272));
#1589=CARTESIAN_POINT('',(0.,0.,0.));
#1590=CARTESIAN_POINT('',(-3.81533121509552,0.,6.5532));
#1591=CARTESIAN_POINT('',(-1.96113121509552,0.,6.5532));
#1592=CARTESIAN_POINT('',(1.74726878490448,0.,6.5532));
#1593=CARTESIAN_POINT('',(-1.96113121509552,0.,7.0866));
#1594=CARTESIAN_POINT('',(-1.96113121509552,0.,8.6868));
#1595=CARTESIAN_POINT('',(1.74726878490448,0.,8.6868));
#1596=CARTESIAN_POINT('',(-3.81533121509552,0.,8.6868));
#1597=CARTESIAN_POINT('',(0.,0.,0.));
#1598=CARTESIAN_POINT('',(-0.0376855149091256,0.800554376850524,2.54869178681732));
#1599=CARTESIAN_POINT('',(-0.0376855149091256,0.800554376850524,2.54869178681732));
#1600=CARTESIAN_POINT('',(-0.0376855149091256,0.800554376850524,2.48400030538012));
#1601=CARTESIAN_POINT('',(-0.512152781634204,1.7521884906268,2.54869178681732));
#1602=CARTESIAN_POINT('',(-0.512152781634204,1.7521884906268,2.48400030538012));
#1603=CARTESIAN_POINT('',(-0.0376855149091256,0.800554376850524,2.54869178681732));
#1604=CARTESIAN_POINT('',(-0.517819493860699,1.76355415701915,2.54869178681732));
#1605=CARTESIAN_POINT('',(-0.517819493860699,1.76355415701915,2.47742867568165));
#1606=CARTESIAN_POINT('',(-0.0376855149091256,0.800554376850524,2.54869178681732));
#1607=CARTESIAN_POINT('',(-0.0376855149091256,0.800554376850524,2.47742867568165));
#1608=CARTESIAN_POINT('',(-0.358685441632,0.6405097172,2.54869178681732));
#1609=CARTESIAN_POINT('',(3.92199087495878E-17,0.6405097172,2.54869178681732));
#1610=CARTESIAN_POINT('',(3.92199087495878E-17,0.6405097172,2.47742867568165));
#1611=CARTESIAN_POINT('',(-0.517819493860699,1.76355415701915,2.54869178681732));
#1612=CARTESIAN_POINT('',(3.92199087495878E-17,0.6405097172,2.54869178681732));
#1613=CARTESIAN_POINT('',(3.92199087495878E-17,0.6405097172,2.54869178681732));
#1614=CARTESIAN_POINT('',(3.92199087495878E-17,0.6405097172,2.48400030538012));
#1615=CARTESIAN_POINT('',(-0.358685441632,0.6405097172,2.54869178681732));
#1616=CARTESIAN_POINT('',(-0.512152781634204,1.7521884906268,2.54869178681732));
#1617=CARTESIAN_POINT('',(0.,0.,0.));
#1618=CARTESIAN_POINT('',(-1.96113121509552,0.,1.2192));
#1619=CARTESIAN_POINT('',(-1.96113121509552,0.,-1.70511116675363));
#1620=CARTESIAN_POINT('',(-4.32333121509552,0.,-1.70511116675364));
#1621=CARTESIAN_POINT('',(-1.96113121509552,0.,1.2192));
#1622=CARTESIAN_POINT('',(-5.72033121509552,0.,1.2192));
#1623=CARTESIAN_POINT('',(-1.96113121509552,0.,2.35479459012236));
#1624=CARTESIAN_POINT('',(-1.96113121509552,0.,6.4008));
#1625=CARTESIAN_POINT('',(-5.72033121509552,0.,6.4008));
#1626=CARTESIAN_POINT('',(-6.15213121509552,0.,6.4008));
#1627=CARTESIAN_POINT('',(-1.96113121509552,0.,6.4008));
#1628=CARTESIAN_POINT('',(-6.58393121509552,0.,6.4008));
#1629=CARTESIAN_POINT('',(-1.96113121509552,0.,2.35479459012236));
#1630=CARTESIAN_POINT('',(-1.96113121509552,0.,-3.0988));
#1631=CARTESIAN_POINT('',(-6.58393121509552,0.,-3.0988));
#1632=CARTESIAN_POINT('',(-5.45363121509552,0.,-3.0988));
#1633=CARTESIAN_POINT('',(-1.96113121509552,0.,-3.0988));
#1634=CARTESIAN_POINT('',(-4.32333121509552,0.,-3.0988));
#1635=CARTESIAN_POINT('',(-1.96113121509552,0.,2.35479459012236));
#1636=CARTESIAN_POINT('',(0.,0.,0.));
#1637=CARTESIAN_POINT('',(0.,0.,-0.5461));
#1638=CARTESIAN_POINT('',(0.,0.,2.6924));
#1639=CARTESIAN_POINT('',(-0.145583239551539,1.00551554953749,2.6924));
#1640=CARTESIAN_POINT('',(-0.134078787013556,1.0071362900065,2.69221894640395));
#1641=CARTESIAN_POINT('',(-0.145590473888366,1.00553694557964,2.6924904475652));
#1642=CARTESIAN_POINT('',(-0.157058754742216,1.00380922489986,2.69221926333527));
#1643=CARTESIAN_POINT('',(-0.17217888297482,1.00135536000536,2.69114249079553));
#1644=CARTESIAN_POINT('',(-0.190820362287857,0.998004381071862,2.68845866289169));
#1645=CARTESIAN_POINT('',(-0.209074919348479,0.994303621292172,2.68397916368151));
#1646=CARTESIAN_POINT('',(-0.22350179921649,0.991132277087053,2.67925034343519));
#1647=CARTESIAN_POINT('',(-0.237583747204503,0.987876287535215,2.67381611480793));
#1648=CARTESIAN_POINT('',(-0.25443242176744,0.983695789418485,2.6657700506518));
#1649=CARTESIAN_POINT('',(-0.270334135976195,0.979411283787166,2.65604829399562));
#1650=CARTESIAN_POINT('',(-0.282467752668019,0.975959589480585,2.64725621568627));
#1651=CARTESIAN_POINT('',(-0.294241365134237,0.972492602618716,2.63773755636057));
#1652=CARTESIAN_POINT('',(-0.307840479186586,0.968285911693655,2.62483312809401));
#1653=CARTESIAN_POINT('',(-0.320009005371725,0.96430824860298,2.61063457851355));
#1654=CARTESIAN_POINT('',(-0.328893586939137,0.961301460547095,2.59849662662406));
#1655=CARTESIAN_POINT('',(-0.335132849028896,0.95914313792528,2.58899378161896));
#1656=CARTESIAN_POINT('',(-0.340927068782536,0.957097805899441,2.57910357334574));
#1657=CARTESIAN_POINT('',(-0.347924750331367,0.954581996806149,2.56564768639386));
#1658=CARTESIAN_POINT('',(-0.355393301166642,0.951827380686068,2.54824455577102));
#1659=CARTESIAN_POINT('',(-0.362337528110241,0.949200046953196,2.52648221848335));
#1660=CARTESIAN_POINT('',(-0.367231824627997,0.947313053074674,2.50375224833845));
#1661=CARTESIAN_POINT('',(-0.369899779550291,0.946272041585695,2.48096537876));
#1662=CARTESIAN_POINT('',(-0.370347293147124,0.946096657706655,2.46182937821099));
#1663=CARTESIAN_POINT('',(-0.369622242226058,0.946380296067312,2.44645903582401));
#1664=CARTESIAN_POINT('',(-0.368154672135239,0.946952766516349,2.43100684172338));
#1665=CARTESIAN_POINT('',(-0.364982470428316,0.948183775632828,2.4121113157198));
#1666=CARTESIAN_POINT('',(-0.36007372542342,0.9500599913622,2.39372687888606));
#1667=CARTESIAN_POINT('',(-0.355094364053384,0.951929652862482,2.37933619265588));
#1668=CARTESIAN_POINT('',(-0.350820557244259,0.953513904244903,2.36869364522546));
#1669=CARTESIAN_POINT('',(-0.34600768913347,0.955271829168714,2.35824286767749));
#1670=CARTESIAN_POINT('',(-0.338987247155167,0.95779406801053,2.34480719092105));
#1671=CARTESIAN_POINT('',(-0.329049996747381,0.961271546522671,2.32883335731964));
#1672=CARTESIAN_POINT('',(-0.315290473445626,0.965882266330598,2.31100374821841));
#1673=CARTESIAN_POINT('',(-0.299567472802409,0.970883123308485,2.29450819682568));
#1674=CARTESIAN_POINT('',(-0.282505518636085,0.975991950947344,2.28001154661618));
#1675=CARTESIAN_POINT('',(-0.26711991240848,0.980295920823703,2.26946984538843));
#1676=CARTESIAN_POINT('',(-0.254115908620577,0.98372576983483,2.26198360731086));
#1677=CARTESIAN_POINT('',(-0.240605157909596,0.987143029352239,2.25512361578568));
#1678=CARTESIAN_POINT('',(-0.223266422416004,0.991244194986846,2.24796738829288));
#1679=CARTESIAN_POINT('',(-0.205309547243241,0.995088704746586,2.24260160391647));
#1680=CARTESIAN_POINT('',(-0.190584122533119,0.997986260717911,2.23937463390695));
#1681=CARTESIAN_POINT('',(-0.179342057681263,1.00006832219959,2.23748637100109));
#1682=CARTESIAN_POINT('',(-0.167961944292359,1.00204247824255,2.23614573984586));
#1683=CARTESIAN_POINT('',(-0.152824930570435,1.00449156071314,2.23509907976035));
#1684=CARTESIAN_POINT('',(-0.133874597865381,1.00722822976482,2.23513211769016));
#1685=CARTESIAN_POINT('',(-0.11112837503742,1.00999140990889,2.23725569620726));
#1686=CARTESIAN_POINT('',(-0.0883275317954941,1.01223731421464,2.24149065837126));
#1687=CARTESIAN_POINT('',(-0.0662502936942177,1.01391577825837,2.24765353934871));
#1688=CARTESIAN_POINT('',(-0.0483451538739429,1.01489193725205,2.2543542991224));
#1689=CARTESIAN_POINT('',(-0.0343437830857688,1.01543726355406,2.26065036818562));
#1690=CARTESIAN_POINT('',(-0.0239804895315247,1.01573425933413,2.26585906016892));
#1691=CARTESIAN_POINT('',(-0.0138548595743334,1.01592182355471,2.27151284996985));
#1692=CARTESIAN_POINT('',(-0.000788809333319339,1.01603560759128,2.27957089237465));
#1693=CARTESIAN_POINT('',(0.0147918708045277,1.01594599387151,2.29063849858783));
#1694=CARTESIAN_POINT('',(0.0293502081050935,1.01560278069683,2.30303993236302));
#1695=CARTESIAN_POINT('',(0.0403533641801342,1.01520912829432,2.31378922701767));
#1696=CARTESIAN_POINT('',(0.0509331809956471,1.0147457355489,2.32513896521712));
#1697=CARTESIAN_POINT('',(0.0629649135662866,1.01407698446676,2.34005251599453));
#1698=CARTESIAN_POINT('',(0.0755193018215397,1.01321154722889,2.35914763101683));
#1699=CARTESIAN_POINT('',(0.0843402050087397,1.01250185103064,2.37607661477209));
#1700=CARTESIAN_POINT('',(0.0903591970886009,1.01197690396052,2.39031279177223));
#1701=CARTESIAN_POINT('',(0.0955996523506753,1.01149756599176,2.4049078236142));
#1702=CARTESIAN_POINT('',(0.100529064006912,1.01101766274544,2.42337027996271));
#1703=CARTESIAN_POINT('',(0.103341379219194,1.01073099059108,2.44224877424843));
#1704=CARTESIAN_POINT('',(0.104276157270748,1.01063471117584,2.45756727237421));
#1705=CARTESIAN_POINT('',(0.10430137418157,1.01063209063432,2.46922415458893));
#1706=CARTESIAN_POINT('',(0.103639533226187,1.01070034009204,2.48080858527884));
#1707=CARTESIAN_POINT('',(0.101871700436581,1.01088077186116,2.49606420696113));
#1708=CARTESIAN_POINT('',(0.0987990628625998,1.01118830893948,2.51108151906033));
#1709=CARTESIAN_POINT('',(0.0944541391338188,1.01160207744855,2.52584064341826));
#1710=CARTESIAN_POINT('',(0.0892351418859448,1.01208022093573,2.54048249221912));
#1711=CARTESIAN_POINT('',(0.0812923931800432,1.01276106444598,2.55802070090262));
#1712=CARTESIAN_POINT('',(0.0716017003613967,1.01348952203565,2.5745766075002));
#1713=CARTESIAN_POINT('',(0.0628381607678756,1.01406264112437,2.58725388935664));
#1714=CARTESIAN_POINT('',(0.0533842524389219,1.014616681904,2.59957451823963));
#1715=CARTESIAN_POINT('',(0.0405982780827487,1.01523105327749,2.61393718970495));
#1716=CARTESIAN_POINT('',(0.0265797663272113,1.01568201850428,2.62702970620678));
#1717=CARTESIAN_POINT('',(0.0146538949138448,1.01590800505106,2.63675186030109));
#1718=CARTESIAN_POINT('',(0.00533459126597633,1.01600076306692,2.64368199695497));
#1719=CARTESIAN_POINT('',(-0.00428506461909416,1.01600648262245,2.65019373073502));
#1720=CARTESIAN_POINT('',(-0.0173829361533236,1.01588880661325,2.65824867027208));
#1721=CARTESIAN_POINT('',(-0.0343088742025936,1.01549120143207,2.66720352295595));
#1722=CARTESIAN_POINT('',(-0.0519437996438457,1.01471635354932,2.67468302959851));
#1723=CARTESIAN_POINT('',(-0.0664924176810633,1.01384197845934,2.67976928708833));
#1724=CARTESIAN_POINT('',(-0.0813221652187312,1.01278819127447,2.68423445011186));
#1725=CARTESIAN_POINT('',(-0.0999737532639234,1.01115370881753,2.68853074038803));
#1726=CARTESIAN_POINT('',(-0.118857281182537,1.00907453774108,2.69115331254397));
#1727=CARTESIAN_POINT('',(-0.134078787013556,1.0071362900065,2.69221894640395));
#1728=CARTESIAN_POINT('',(-0.145590473888366,1.00553694557964,2.6924904475652));
#1729=CARTESIAN_POINT('',(-0.157058754742216,1.00380922489986,2.69221926333527));
#1730=CARTESIAN_POINT('',(0.,0.,-0.4572));
#1731=CARTESIAN_POINT('',(0.736902899946442,0.699449866717069,-0.4572));
#1732=CARTESIAN_POINT('',(0.736902899946442,-0.699449866717069,-0.4572));
#1733=CARTESIAN_POINT('',(0.,0.,-2.03749336867871));
#1734=CARTESIAN_POINT('',(-1.01599999809046,-6.22910540726077E-5,1.65562420837645));
#1735=CARTESIAN_POINT('',(-1.01600055593944,0.00903652037305362,1.65785693159043));
#1736=CARTESIAN_POINT('',(-1.01575734474223,0.0269582201697044,1.66295500624219));
#1737=CARTESIAN_POINT('',(-1.01489636516302,0.0486681764213315,1.67092050187462));
#1738=CARTESIAN_POINT('',(-1.01390715510537,0.0655829141906373,1.67834445919796));
#1739=CARTESIAN_POINT('',(-1.0130249242431,0.0780212603223702,1.68448726441663));
#1740=CARTESIAN_POINT('',(-1.01218182097117,0.0881593618676126,1.69014496726409));
#1741=CARTESIAN_POINT('',(-1.01145028833445,0.0961048108206672,1.69504403812953));
#1742=CARTESIAN_POINT('',(-1.01068140804386,0.10395133504434,1.70023322363006));
#1743=CARTESIAN_POINT('',(-1.00967714762753,0.113349504197928,1.70717713355819));
#1744=CARTESIAN_POINT('',(-1.00844407140149,0.123815850337626,1.7163580272257));
#1745=CARTESIAN_POINT('',(-1.00743599684375,0.131695834830655,1.72488863617036));
#1746=CARTESIAN_POINT('',(-1.00667764941829,0.137337599390552,1.73245724840728));
#1747=CARTESIAN_POINT('',(-1.00615443175833,0.141114695202788,1.73851742443121));
#1748=CARTESIAN_POINT('',(-1.0057068999274,0.144264796661201,1.74483725128605));
#1749=CARTESIAN_POINT('',(-1.00534749898268,0.146744101508013,1.7515625537989));
#1750=CARTESIAN_POINT('',(-1.00511057315225,0.148354756151337,1.75848933315038));
#1751=CARTESIAN_POINT('',(-1.00500971210826,0.149035021755101,1.76549320346921));
#1752=CARTESIAN_POINT('',(-1.0050549635512,0.148730253587672,1.77268993653237));
#1753=CARTESIAN_POINT('',(-1.00524314316997,0.147455709486896,1.77967431228075));
#1754=CARTESIAN_POINT('',(-1.00555659248567,0.145307133959938,1.78645540114281));
#1755=CARTESIAN_POINT('',(-1.0061180166725,0.141387666917667,1.79516063603236));
#1756=CARTESIAN_POINT('',(-1.00682230392077,0.136307935809088,1.80303407899314));
#1757=CARTESIAN_POINT('',(-1.00761333761405,0.130302657516344,1.81039342066582));
#1758=CARTESIAN_POINT('',(-1.00842989706988,0.123872106106944,1.81729184699851));
#1759=CARTESIAN_POINT('',(-1.0094674669533,0.115199551175058,1.82515170984537));
#1760=CARTESIAN_POINT('',(-1.01068504616391,0.104004313208091,1.83364927786087));
#1761=CARTESIAN_POINT('',(-1.01183927703161,0.0921216652411016,1.84139467611833));
#1762=CARTESIAN_POINT('',(-1.01287865546068,0.0799006638272349,1.84835066360275));
#1763=CARTESIAN_POINT('',(-1.0137896459387,0.0673814462044957,1.85464448966133));
#1764=CARTESIAN_POINT('',(-1.0148160028788,0.050333886951513,1.86224773884293));
#1765=CARTESIAN_POINT('',(-1.0157203773568,0.0284345974206976,1.87040515432761));
#1766=CARTESIAN_POINT('',(-1.01625656379536,-0.00789389132682116,1.88086196188369));
#1767=CARTESIAN_POINT('',(-1.0155502148796,-0.0355050812235914,1.88563784255922));
#1768=CARTESIAN_POINT('',(-1.01455848182829,-0.0541025595537594,1.88741123324994));
#1769=CARTESIAN_POINT('',(-1.01599999809046,-6.22910540744103E-5,1.65562420837645));
#1770=CARTESIAN_POINT('',(-1.01455848182829,-0.0541025595537594,1.88741123324993));
#1771=CARTESIAN_POINT('',(-1.01599999809046,-6.22910540735919E-5,1.65562420837645));
#1772=CARTESIAN_POINT('',(-1.01599987770485,-0.00202584400333406,1.64966830565693));
#1773=CARTESIAN_POINT('',(-1.01598832637045,-0.00643785378943538,1.63793451382846));
#1774=CARTESIAN_POINT('',(-1.01590935977532,-0.0144967121520101,1.62088484990488));
#1775=CARTESIAN_POINT('',(-1.0157318347097,-0.0240723365936224,1.60434829357684));
#1776=CARTESIAN_POINT('',(-1.01542351997856,-0.0348449411901095,1.58887458016866));
#1777=CARTESIAN_POINT('',(-1.0149467311305,-0.0468133148774279,1.57437757532414));
#1778=CARTESIAN_POINT('',(-1.01426128936301,-0.0599478992136979,1.56088717268684));
#1779=CARTESIAN_POINT('',(-1.01331223975927,-0.0743516861932765,1.54836535823231));
#1780=CARTESIAN_POINT('',(-1.01208648029108,-0.0895453632717563,1.53723289683631));
#1781=CARTESIAN_POINT('',(-1.01055076755911,-0.105514004430169,1.5274295455407));
#1782=CARTESIAN_POINT('',(-1.00898192599769,-0.119455576305056,1.52036899326151));
#1783=CARTESIAN_POINT('',(-1.00753213603929,-0.131000190728716,1.51539125760276));
#1784=CARTESIAN_POINT('',(-1.00594746506606,-0.142786573313709,1.51087925923542));
#1785=CARTESIAN_POINT('',(-1.00374911593712,-0.157651403590378,1.50622264822352));
#1786=CARTESIAN_POINT('',(-1.00073842704318,-0.17576379861317,1.50212625018698));
#1787=CARTESIAN_POINT('',(-0.997908062743833,-0.191061707375644,1.49994791860264));
#1788=CARTESIAN_POINT('',(-0.995440907613572,-0.203429516866454,1.4989495154189));
#1789=CARTESIAN_POINT('',(-0.992837897364276,-0.215868892850513,1.49845628447263));
#1790=CARTESIAN_POINT('',(-0.989398352250243,-0.231224194810378,1.49878741051359));
#1791=CARTESIAN_POINT('',(-0.98496735299511,-0.249421912843208,1.50064157598468));
#1792=CARTESIAN_POINT('',(-0.981031744497798,-0.264384217126118,1.50338424948834));
#1793=CARTESIAN_POINT('',(-0.977741752790523,-0.276234345621683,1.50629899391293));
#1794=CARTESIAN_POINT('',(-0.974356873780235,-0.288009823600139,1.50970328570978));
#1795=CARTESIAN_POINT('',(-0.970043903342725,-0.302281190189727,1.5147790312549));
#1796=CARTESIAN_POINT('',(-0.964749627499894,-0.3187645227517,1.52215237328891));
#1797=CARTESIAN_POINT('',(-0.960262546401899,-0.331969971083198,1.52935662919578));
#1798=CARTESIAN_POINT('',(-0.956645148598666,-0.342210269605854,1.53575820597653));
#1799=CARTESIAN_POINT('',(-0.953004150227425,-0.352261617803657,1.54261276405163));
#1800=CARTESIAN_POINT('',(-0.948503308847568,-0.364240286342834,1.55188091056125));
#1801=CARTESIAN_POINT('',(-0.94325791581788,-0.377603736877605,1.5640224083385));
#1802=CARTESIAN_POINT('',(-0.938196873167489,-0.389997375146421,1.57720818844778));
#1803=CARTESIAN_POINT('',(-0.933366880986774,-0.401409386543837,1.59145605379245));
#1804=CARTESIAN_POINT('',(-0.928824448499168,-0.4117995409546,1.6068238477678));
#1805=CARTESIAN_POINT('',(-0.924765767876117,-0.420823375702769,1.62282304112903));
#1806=CARTESIAN_POINT('',(-0.921201652806854,-0.428560132127834,1.63953531230127));
#1807=CARTESIAN_POINT('',(-0.918688447670758,-0.433906742295021,1.6540549485445));
#1808=CARTESIAN_POINT('',(-0.916978896945168,-0.43750236797329,1.66604046314171));
#1809=CARTESIAN_POINT('',(-0.915479937153751,-0.44063262142738,1.67829778882112));
#1810=CARTESIAN_POINT('',(-0.914059983918234,-0.443568791511005,1.69374799030572));
#1811=CARTESIAN_POINT('',(-0.913251830473283,-0.445227279524892,1.70940586492903));
#1812=CARTESIAN_POINT('',(-0.912983907309361,-0.445776186655237,1.7220468182835));
#1813=CARTESIAN_POINT('',(-0.912973857595613,-0.445796688942321,1.73478665382317));
#1814=CARTESIAN_POINT('',(-0.913442868862326,-0.444836471025784,1.7504976117087));
#1815=CARTESIAN_POINT('',(-0.914743001472765,-0.442160459592106,1.76906677163277));
#1816=CARTESIAN_POINT('',(-0.916750688297335,-0.437988722536998,1.7873216294064));
#1817=CARTESIAN_POINT('',(-0.91946606538863,-0.432267050241686,1.80535457955712));
#1818=CARTESIAN_POINT('',(-0.922758463374339,-0.425202056425686,1.82256010391473));
#1819=CARTESIAN_POINT('',(-0.926567122095263,-0.416847190264918,1.83899811652771));
#1820=CARTESIAN_POINT('',(-0.930843230450648,-0.407221086841887,1.85468192189053));
#1821=CARTESIAN_POINT('',(-0.935550592538739,-0.396298427433303,1.86961737966718));
#1822=CARTESIAN_POINT('',(-0.940501659282066,-0.384411482522226,1.88339502293177));
#1823=CARTESIAN_POINT('',(-0.945666987524162,-0.371535296369183,1.89613099809233));
#1824=CARTESIAN_POINT('',(-0.950997343171041,-0.357685513747386,1.90781991614918));
#1825=CARTESIAN_POINT('',(-0.956462284008474,-0.34281612402211,1.91846107032495));
#1826=CARTESIAN_POINT('',(-0.96186956811448,-0.327346206237774,1.92776568734722));
#1827=CARTESIAN_POINT('',(-0.967210796479097,-0.31122158868786,1.93581543272346));
#1828=CARTESIAN_POINT('',(-0.971578923642616,-0.297241845459174,1.94146693673337));
#1829=CARTESIAN_POINT('',(-0.975010005810548,-0.285725677092444,1.94534170649066));
#1830=CARTESIAN_POINT('',(-0.978400147248437,-0.273961780757768,1.94878071530418));
#1831=CARTESIAN_POINT('',(-0.982457354200186,-0.259129003576947,1.95216148981094));
#1832=CARTESIAN_POINT('',(-0.987036763986425,-0.241103039996177,1.95478709998246));
#1833=CARTESIAN_POINT('',(-0.99131741893289,-0.222853613212749,1.95597467577682));
#1834=CARTESIAN_POINT('',(-0.994629709254571,-0.20745641202566,1.95574205367176));
#1835=CARTESIAN_POINT('',(-0.997123305603808,-0.195015478653061,1.9547880625346));
#1836=CARTESIAN_POINT('',(-0.9994719782124,-0.182701768745093,1.95333496525027));
#1837=CARTESIAN_POINT('',(-1.00215498924515,-0.167492408913888,1.95059400116518));
#1838=CARTESIAN_POINT('',(-1.00498686960127,-0.149549008860982,1.94583375195004));
#1839=CARTESIAN_POINT('',(-1.00745028972681,-0.131924805325505,1.93959229205083));
#1840=CARTESIAN_POINT('',(-1.0095634701284,-0.114604635542382,1.93179215793888));
#1841=CARTESIAN_POINT('',(-1.01128666625109,-0.0981898809391609,1.92269667651793));
#1842=CARTESIAN_POINT('',(-1.01267640082585,-0.0825821291613827,1.91229942157379));
#1843=CARTESIAN_POINT('',(-1.01376774019584,-0.0678245321710553,1.90062007989948));
#1844=CARTESIAN_POINT('',(-1.01432248818181,-0.0585280314292133,1.89191554467369));
#1845=CARTESIAN_POINT('',(-1.01455848182829,-0.0541025595537583,1.88741123324994));
#1846=CARTESIAN_POINT('',(-1.36877349019051,-0.217167947483063,1.7272));
#1847=CARTESIAN_POINT('',(-1.10752882826298,-0.445576549393834,1.71575791648981));
#1848=CARTESIAN_POINT('',(-1.10741320550636,-0.445863659220626,1.72720278039221));
#1849=CARTESIAN_POINT('',(-1.10752884542789,-0.44557649862204,1.73863096194136));
#1850=CARTESIAN_POINT('',(-1.10798333281027,-0.444446022953551,1.75369600350614));
#1851=CARTESIAN_POINT('',(-1.10910177484793,-0.441654715447685,1.77228226882558));
#1852=CARTESIAN_POINT('',(-1.11092450036008,-0.437053202073631,1.79051645114996));
#1853=CARTESIAN_POINT('',(-1.11279963111808,-0.432251224201153,1.80491765798414));
#1854=CARTESIAN_POINT('',(-1.11490654112544,-0.426799732963547,1.8189084229839));
#1855=CARTESIAN_POINT('',(-1.11795354157357,-0.41878420830187,1.83570514686345));
#1856=CARTESIAN_POINT('',(-1.12219337042941,-0.407307235888364,1.85476184886336));
#1857=CARTESIAN_POINT('',(-1.12697740391564,-0.393897683333943,1.87276818503354));
#1858=CARTESIAN_POINT('',(-1.13206009143638,-0.379061884988492,1.88909178040096));
#1859=CARTESIAN_POINT('',(-1.1365010978223,-0.365494376874606,1.90141662941366));
#1860=CARTESIAN_POINT('',(-1.14014146772638,-0.35392756281572,1.91049135735506));
#1861=CARTESIAN_POINT('',(-1.14384350225222,-0.341836041283651,1.91906365865982));
#1862=CARTESIAN_POINT('',(-1.14844782512214,-0.326129244094193,1.92855959750133));
#1863=CARTESIAN_POINT('',(-1.15388064121434,-0.306371206883138,1.93805711257687));
#1864=CARTESIAN_POINT('',(-1.15829155176762,-0.289157964856198,1.94438996509613));
#1865=CARTESIAN_POINT('',(-1.16174366896073,-0.274865657355373,1.94849267968294));
#1866=CARTESIAN_POINT('',(-1.16508753315644,-0.260433617689792,1.9518812536461));
#1867=CARTESIAN_POINT('',(-1.16903525668081,-0.242245233256419,1.95477763901022));
#1868=CARTESIAN_POINT('',(-1.17267248709293,-0.223824032430432,1.95591327520448));
#1869=CARTESIAN_POINT('',(-1.17538785250136,-0.208961629909947,1.95574424196583));
#1870=CARTESIAN_POINT('',(-1.17733126528102,-0.197719406841647,1.95506452444464));
#1871=CARTESIAN_POINT('',(-1.17915937848528,-0.186504740369364,1.95382714335505));
#1872=CARTESIAN_POINT('',(-1.1814211759013,-0.171752844754952,1.951460666494));
#1873=CARTESIAN_POINT('',(-1.18394257003519,-0.153606541824525,1.94716440129278));
#1874=CARTESIAN_POINT('',(-1.18650432824617,-0.132349130812261,1.93988693300829));
#1875=CARTESIAN_POINT('',(-1.18863433306899,-0.111553557619943,1.9303654421666));
#1876=CARTESIAN_POINT('',(-1.19029351302561,-0.0920799735147339,1.9189798407288));
#1877=CARTESIAN_POINT('',(-1.19134911787501,-0.0768494653560891,1.90794351201047));
#1878=CARTESIAN_POINT('',(-1.1920229660723,-0.0652992017274514,1.89818887321322));
#1879=CARTESIAN_POINT('',(-1.1924511872876,-0.0569287371177345,1.89037169732727));
#1880=CARTESIAN_POINT('',(-1.19280209498143,-0.0490035670892258,1.88218916373409));
#1881=CARTESIAN_POINT('',(-1.19317863932477,-0.0390474117624881,1.87083334467968));
#1882=CARTESIAN_POINT('',(-1.19350058433725,-0.0277192392810736,1.85579636333459));
#1883=CARTESIAN_POINT('',(-1.19367546131039,-0.0178845414843142,1.83965435415201));
#1884=CARTESIAN_POINT('',(-1.19375335716781,-0.010932212772638,1.82603516812448));
#1885=CARTESIAN_POINT('',(-1.1937970788117,-0.00472599235981003,1.81220757214333));
#1886=CARTESIAN_POINT('',(-1.19380483300027,0.00169236178164546,1.79448989755391));
#1887=CARTESIAN_POINT('',(-1.19378467347106,0.00633861272943262,1.77622214855306));
#1888=CARTESIAN_POINT('',(-1.19376664950265,0.00897788619793773,1.7612551094977));
#1889=CARTESIAN_POINT('',(-1.19375092879214,0.0108722341615732,1.74609751316335));
#1890=CARTESIAN_POINT('',(-1.19374151025698,0.0118027102432921,1.72725480518075));
#1891=CARTESIAN_POINT('',(-1.1937508458626,0.0108798565881976,1.70844461023307));
#1892=CARTESIAN_POINT('',(-1.19376630373375,0.00902147169821194,1.69344401677701));
#1893=CARTESIAN_POINT('',(-1.19377985756584,0.00705434729581273,1.68218836303641));
#1894=CARTESIAN_POINT('',(-1.19379252213232,0.00452283413392732,1.67103609826329));
#1895=CARTESIAN_POINT('',(-1.19380332102493,0.000446242082607645,1.65647771749332));
#1896=CARTESIAN_POINT('',(-1.1937955742857,-0.00596367393131477,1.63876745467592));
#1897=CARTESIAN_POINT('',(-1.19372663894885,-0.0140930297136975,1.62174914409404));
#1898=CARTESIAN_POINT('',(-1.19360794228459,-0.02168659868816,1.60850398935508));
#1899=CARTESIAN_POINT('',(-1.19343840060858,-0.0299031699232727,1.59570715782948));
#1900=CARTESIAN_POINT('',(-1.1931166782984,-0.0412381352122969,1.58065201414591));
#1901=CARTESIAN_POINT('',(-1.19260009675733,-0.0539894069035796,1.56679307026054));
#1902=CARTESIAN_POINT('',(-1.19203744309477,-0.065034535006839,1.55644616361061));
#1903=CARTESIAN_POINT('',(-1.19135979639352,-0.0766914281734584,1.54657314882328));
#1904=CARTESIAN_POINT('',(-1.19030162516717,-0.0919789748936887,1.53548397707324));
#1905=CARTESIAN_POINT('',(-1.18864535831789,-0.111421463306076,1.52411255805642));
#1906=CARTESIAN_POINT('',(-1.18689792207921,-0.128531488559326,1.51624404850422));
#1907=CARTESIAN_POINT('',(-1.18524741136874,-0.142779590821233,1.51094244199302));
#1908=CARTESIAN_POINT('',(-1.18345416420505,-0.157120040733875,1.50640457020708));
#1909=CARTESIAN_POINT('',(-1.18092934520732,-0.17529503196359,1.50209905118396));
#1910=CARTESIAN_POINT('',(-1.17743393861221,-0.197434533816085,1.49908280304538));
#1911=CARTESIAN_POINT('',(-1.17342269575406,-0.220026940418993,1.49825046160747));
#1912=CARTESIAN_POINT('',(-1.16904355677974,-0.242205578798635,1.49961751018408));
#1913=CARTESIAN_POINT('',(-1.16509409369229,-0.260403130701358,1.50251419756553));
#1914=CARTESIAN_POINT('',(-1.16176580814128,-0.274771435856822,1.50588360744463));
#1915=CARTESIAN_POINT('',(-1.1591788541846,-0.28548700561506,1.50895275338603));
#1916=CARTESIAN_POINT('',(-1.1565386049688,-0.295998558874966,1.51252715015797));
#1917=CARTESIAN_POINT('',(-1.15297598198455,-0.309662260237144,1.51792308096315));
#1918=CARTESIAN_POINT('',(-1.14844525668441,-0.326137425318738,1.52584655757611));
#1919=CARTESIAN_POINT('',(-1.14293392401622,-0.34493985343776,1.53721064673555));
#1920=CARTESIAN_POINT('',(-1.13738682583674,-0.362790668046405,1.55052097422242));
#1921=CARTESIAN_POINT('',(-1.13206441392999,-0.379048188673591,1.56529641793262));
#1922=CARTESIAN_POINT('',(-1.12783895722331,-0.391382362929386,1.57886854415645));
#1923=CARTESIAN_POINT('',(-1.12462438971269,-0.40049347494118,1.59048519360933));
#1924=CARTESIAN_POINT('',(-1.12230081379926,-0.406957135335739,1.59960682907343));
#1925=CARTESIAN_POINT('',(-1.12009435033524,-0.41298877957039,1.6090734105169));
#1926=CARTESIAN_POINT('',(-1.1173578615163,-0.42035116725069,1.62198192194543));
#1927=CARTESIAN_POINT('',(-1.11431856123089,-0.428346569020118,1.63872922162832));
#1928=CARTESIAN_POINT('',(-1.11184154869153,-0.434713938430284,1.65627163911135));
#1929=CARTESIAN_POINT('',(-1.11023024088908,-0.438805546449847,1.67082544264969));
#1930=CARTESIAN_POINT('',(-1.1088876459653,-0.442189345485113,1.68567341444983));
#1931=CARTESIAN_POINT('',(-1.10798594604857,-0.444439479998379,1.70063451556345));
#1932=CARTESIAN_POINT('',(-1.10752882826298,-0.445576549393834,1.71575791648981));
#1933=CARTESIAN_POINT('',(-1.10741320550636,-0.445863659220626,1.72720278039221));
#1934=CARTESIAN_POINT('',(-1.10752884542789,-0.44557649862204,1.73863096194136));
#1935=CARTESIAN_POINT('',(-1.10745174928605,-0.445767947483062,1.7272));
#1936=CARTESIAN_POINT('',(-1.01455848182829,-0.0541025595537564,1.88741123324993));
#1937=CARTESIAN_POINT('',(-1.02108009667107,-0.0531506966094143,1.88644241291739));
#1938=CARTESIAN_POINT('',(-1.02897303379155,-0.0514027193245675,1.88464830202972));
#1939=CARTESIAN_POINT('',(-1.03800328298036,-0.0484723271790337,1.88147744622309));
#1940=CARTESIAN_POINT('',(-1.043928977516,-0.0462882543452107,1.87906524590649));
#1941=CARTESIAN_POINT('',(-1.05090759877854,-0.0432300783649702,1.87557605628388));
#1942=CARTESIAN_POINT('',(-1.05858124734287,-0.0391509859800925,1.87066872470107));
#1943=CARTESIAN_POINT('',(-1.06563371656968,-0.0347178122096085,1.8650005874014));
#1944=CARTESIAN_POINT('',(-1.07198179572554,-0.0300783554153684,1.85864333305672));
#1945=CARTESIAN_POINT('',(-1.07754642287124,-0.0254185870413331,1.85175703522839));
#1946=CARTESIAN_POINT('',(-1.08243516375848,-0.0207663187342009,1.84429649351821));
#1947=CARTESIAN_POINT('',(-1.08804200274021,-0.0146932392744351,1.83363665234328));
#1948=CARTESIAN_POINT('',(-1.09220328594608,-0.00911317991346199,1.82230674569918));
#1949=CARTESIAN_POINT('',(-1.09509818576088,-0.00407593334145516,1.81016235665879));
#1950=CARTESIAN_POINT('',(-1.09709085169766,0.000468651255499994,1.79769208574936));
#1951=CARTESIAN_POINT('',(-1.09776831796012,0.00419033950217691,1.78496266514828));
#1952=CARTESIAN_POINT('',(-1.09715018009391,0.00709948904430385,1.77187608771101));
#1953=CARTESIAN_POINT('',(-1.09564160879785,0.00942045322874659,1.75870859879561));
#1954=CARTESIAN_POINT('',(-1.09286209073722,0.0108296456628516,1.74580616880208));
#1955=CARTESIAN_POINT('',(-1.08877400024928,0.0114217440660525,1.73310228399402));
#1956=CARTESIAN_POINT('',(-1.0850161305271,0.0114671818039615,1.7236993110077));
#1957=CARTESIAN_POINT('',(-1.08066975722401,0.0111472837023622,1.7147100512625));
#1958=CARTESIAN_POINT('',(-1.07571181677073,0.0105069225813463,1.70608137239833));
#1959=CARTESIAN_POINT('',(-1.07014101210639,0.00958810302707356,1.69784428738296));
#1960=CARTESIAN_POINT('',(-1.06388910351154,0.00842326585031122,1.68996633949182));
#1961=CARTESIAN_POINT('',(-1.05712449101982,0.0070948385412609,1.6826919076188));
#1962=CARTESIAN_POINT('',(-1.04985942452314,0.00565997529823486,1.67601474918346));
#1963=CARTESIAN_POINT('',(-1.04209525947584,0.00417043392031562,1.66993552557917));
#1964=CARTESIAN_POINT('',(-1.03377843204145,0.00266797439427756,1.66443232614078));
#1965=CARTESIAN_POINT('',(-1.02505088186777,0.00122822166325253,1.65961076006363));
#1966=CARTESIAN_POINT('',(-1.01905125577937,0.000351231409711347,1.6568785160678));
#1967=CARTESIAN_POINT('',(-1.01599999809047,-6.22910540750005E-5,1.65562420837645));
#1968=CARTESIAN_POINT('',(0.,0.,-0.5461));
#1969=CARTESIAN_POINT('',(0.,0.,2.8702));
#1970=CARTESIAN_POINT('',(1.1938,0.,2.8702));
#1971=CARTESIAN_POINT('',(0.,0.,-0.635));
#1972=CARTESIAN_POINT('',(0.850173992318014,0.838070774329978,-0.635));
#1973=CARTESIAN_POINT('',(0.850173992318014,-0.838070774329978,-0.635));
#1974=CARTESIAN_POINT('',(0.,0.,-2.45820401016323));
#1975=CARTESIAN_POINT('',(-0.445234824219751,1.10766624236161,2.47532853950342));
#1976=CARTESIAN_POINT('',(-0.445505423449557,1.10755737149969,2.46379578734982));
#1977=CARTESIAN_POINT('',(-0.445234891681329,1.10766621214423,2.45228831109729));
#1978=CARTESIAN_POINT('',(-0.444168259885385,1.10809466754679,2.43710104081644));
#1979=CARTESIAN_POINT('',(-0.441528002062271,1.10915188636081,2.41834185431431));
#1980=CARTESIAN_POINT('',(-0.437160260369926,1.11088194336971,2.39992308088302));
#1981=CARTESIAN_POINT('',(-0.432575292302257,1.11267349375142,2.38533790061197));
#1982=CARTESIAN_POINT('',(-0.427330853493903,1.11470253627603,2.37110316770413));
#1983=CARTESIAN_POINT('',(-0.41958897517583,1.11765072554009,2.35401901337924));
#1984=CARTESIAN_POINT('',(-0.41026754454382,1.12110305875146,2.33784597592263));
#1985=CARTESIAN_POINT('',(-0.40184357482096,1.124142555091,2.32546853200299));
#1986=CARTESIAN_POINT('',(-0.392744905206063,1.12736519733348,2.3134614573583));
#1987=CARTESIAN_POINT('',(-0.380436673326146,1.13159870583838,2.29957970964919));
#1988=CARTESIAN_POINT('',(-0.366866550881532,1.13605912463861,2.28710129705953));
#1989=CARTESIAN_POINT('',(-0.355252692678946,1.1397293406931,2.27797429647508));
#1990=CARTESIAN_POINT('',(-0.346144034482967,1.1425297808024,2.27155241067112));
#1991=CARTESIAN_POINT('',(-0.336673941850303,1.14535686314341,2.26559487193467));
#1992=CARTESIAN_POINT('',(-0.323772950170441,1.14909079195357,2.25839051144677));
#1993=CARTESIAN_POINT('',(-0.307049304968022,1.15370238952297,2.25068499249145));
#1994=CARTESIAN_POINT('',(-0.289580470520804,1.15818713853742,2.24470359551218));
#1995=CARTESIAN_POINT('',(-0.275087626944487,1.16169164287636,2.24095037185432));
#1996=CARTESIAN_POINT('',(-0.260445778503828,1.16508600158494,2.23794270958926));
#1997=CARTESIAN_POINT('',(-0.242023642201286,1.16908287653848,2.23557360771079));
#1998=CARTESIAN_POINT('',(-0.223397750501852,1.17275459054013,2.23499219723462));
#1999=CARTESIAN_POINT('',(-0.208392515777057,1.17548926563271,2.23559628294226));
#2000=CARTESIAN_POINT('',(-0.193277302851586,1.17809366290332,2.23692679087247));
#2001=CARTESIAN_POINT('',(-0.174681600036872,1.18102112890316,2.23989718668381));
#2002=CARTESIAN_POINT('',(-0.152809798742962,1.18404653341516,2.24546839786225));
#2003=CARTESIAN_POINT('',(-0.134968702410489,1.18618309650963,2.25176091167308));
#2004=CARTESIAN_POINT('',(-0.120901973615364,1.18767747629797,2.25782167093219));
#2005=CARTESIAN_POINT('',(-0.107211117120007,1.18901020118558,2.26446764505896));
#2006=CARTESIAN_POINT('',(-0.0907699851002131,1.1903960647098,2.27385493519943));
#2007=CARTESIAN_POINT('',(-0.0752206970976675,1.19145439387353,2.28467264533704));
#2008=CARTESIAN_POINT('',(-0.0633415229892035,1.19212923530167,2.29419468145645));
#2009=CARTESIAN_POINT('',(-0.0546913170129517,1.19255660879135,2.30180804376711));
#2010=CARTESIAN_POINT('',(-0.0464373717490857,1.19290551086632,2.30978672210054));
#2011=CARTESIAN_POINT('',(-0.0360117516646815,1.19327587969062,2.32085384309177));
#2012=CARTESIAN_POINT('',(-0.0240373484787398,1.19358339252733,2.3355163405485));
#2013=CARTESIAN_POINT('',(-0.013513024206518,1.19373445096683,2.35129094707414));
#2014=CARTESIAN_POINT('',(-0.00600044594935686,1.19378899695867,2.36462999383161));
#2015=CARTESIAN_POINT('',(0.000851440983792655,1.19380758161203,2.37841651814387));
#2016=CARTESIAN_POINT('',(0.00794200173570926,1.1937809929867,2.39602166882553));
#2017=CARTESIAN_POINT('',(0.0131273986090532,1.19372971915451,2.41422522695032));
#2018=CARTESIAN_POINT('',(0.0160894879935248,1.19369208416192,2.42913347540723));
#2019=CARTESIAN_POINT('',(0.017706686905484,1.19366890384942,2.44050966209819));
#2020=CARTESIAN_POINT('',(0.0186903653270091,1.19365373896162,2.4520253317529));
#2021=CARTESIAN_POINT('',(0.0191370595774725,1.19364655884992,2.46726094124635));
#2022=CARTESIAN_POINT('',(0.0181159296052983,1.19366320445558,2.48621276298533));
#2023=CARTESIAN_POINT('',(0.0150156924220656,1.19370770647157,2.50499566304366));
#2024=CARTESIAN_POINT('',(0.0112550383151423,1.19374830228197,2.51995473732026));
#2025=CARTESIAN_POINT('',(0.0067244809820783,1.19378525233913,2.53455542335145));
#2026=CARTESIAN_POINT('',(-0.000345479841256628,1.19381257356292,2.55221236552159));
#2027=CARTESIAN_POINT('',(-0.0092093471041102,1.19377598830613,2.56907616075762));
#2028=CARTESIAN_POINT('',(-0.0173956569190188,1.19367891832248,2.58213034422612));
#2029=CARTESIAN_POINT('',(-0.0261613051754444,1.19352805259993,2.5946676015508));
#2030=CARTESIAN_POINT('',(-0.038173167151035,1.19322173343947,2.60941859839818));
#2031=CARTESIAN_POINT('',(-0.0541858153669415,1.19260960081052,2.62568857830866));
#2032=CARTESIAN_POINT('',(-0.0718571155112805,1.19168212563244,2.64057756221741));
#2033=CARTESIAN_POINT('',(-0.0905500931609125,1.19041278720178,2.6536060226686));
#2034=CARTESIAN_POINT('',(-0.106991404285653,1.1890298966755,2.66301493879549));
#2035=CARTESIAN_POINT('',(-0.120645138343035,1.18770344511196,2.66965971205915));
#2036=CARTESIAN_POINT('',(-0.131162264235655,1.18658883409667,2.67420717260798));
#2037=CARTESIAN_POINT('',(-0.141868649837991,1.18535681918494,2.67827220686141));
#2038=CARTESIAN_POINT('',(-0.156240705776491,1.18357071945076,2.68299940559037));
#2039=CARTESIAN_POINT('',(-0.17445243221118,1.1810547354662,2.68765396256173));
#2040=CARTESIAN_POINT('',(-0.192972292994228,1.1781428950355,2.69063039209303));
#2041=CARTESIAN_POINT('',(-0.207978673728886,1.17556261293963,2.69197709899854));
#2042=CARTESIAN_POINT('',(-0.223122189815287,1.17280785525719,2.69261130328039));
#2043=CARTESIAN_POINT('',(-0.241777859828157,1.1691336035158,2.69204526266692));
#2044=CARTESIAN_POINT('',(-0.263829636825961,1.16435375867277,2.68923137235325));
#2045=CARTESIAN_POINT('',(-0.281882462866809,1.16008463600641,2.68509114047665));
#2046=CARTESIAN_POINT('',(-0.296185003404963,1.15649165594358,2.68063569496315));
#2047=CARTESIAN_POINT('',(-0.310131832119454,1.1528511895218,2.67548717192385));
#2048=CARTESIAN_POINT('',(-0.326867163082244,1.14823950504854,2.66779686744324));
#2049=CARTESIAN_POINT('',(-0.342708364185641,1.14358255423512,2.65843869347364));
#2050=CARTESIAN_POINT('',(-0.354829723408828,1.13986131077907,2.64994148686106));
#2051=CARTESIAN_POINT('',(-0.366612626160226,1.13614189697985,2.6407237800118));
#2052=CARTESIAN_POINT('',(-0.380267474546588,1.13165568717307,2.6281940350441));
#2053=CARTESIAN_POINT('',(-0.395007277632406,1.12658785468156,2.61159881824859));
#2054=CARTESIAN_POINT('',(-0.405937809823694,1.12267786284066,2.59646159542668));
#2055=CARTESIAN_POINT('',(-0.413843871159993,1.1197784985167,2.5835523123809));
#2056=CARTESIAN_POINT('',(-0.421041878844197,1.11709721983233,2.57036208376981));
#2057=CARTESIAN_POINT('',(-0.428797462083459,1.11414426351844,2.55327458884755));
#2058=CARTESIAN_POINT('',(-0.436140036142401,1.11128560151986,2.53187088709973));
#2059=CARTESIAN_POINT('',(-0.441501553187631,1.10916258147969,2.50945561528896));
#2060=CARTESIAN_POINT('',(-0.444161094652776,1.10809752939421,2.49057592530536));
#2061=CARTESIAN_POINT('',(-0.445234824219751,1.10766624236161,2.47532853950342));
#2062=CARTESIAN_POINT('',(-0.445505423449557,1.10755737149969,2.46379578734982));
#2063=CARTESIAN_POINT('',(-0.445234891681329,1.10766621214423,2.45228831109729));
#2064=CARTESIAN_POINT('',(-0.445415234949884,1.10759365675077,2.4638));
#2065=CARTESIAN_POINT('',(-0.508,0.,-0.4572));
#2066=CARTESIAN_POINT('',(0.736902899946442,1.193802,-0.4572));
#2067=CARTESIAN_POINT('',(-0.508,0.,-0.635));
#2068=CARTESIAN_POINT('',(0.850173992318014,-19.0729577784636,-0.635));
#2069=CARTESIAN_POINT('',(-0.619369095742703,0.,2.6924));
#2070=CARTESIAN_POINT('',(0.,0.,2.6924));
#2071=CARTESIAN_POINT('',(0.222738191485405,0.,2.6924));
#2072=CARTESIAN_POINT('',(0.,0.,-0.5461));
#2073=CARTESIAN_POINT('',(0.,0.,2.8702));
#2074=CARTESIAN_POINT('',(0.222738191485405,0.,2.8702));
#2075=CARTESIAN_POINT('',(-0.263769095742703,0.,2.8702));
#2076=CARTESIAN_POINT('',(1.02198699615901,-19.0729577784636,-0.266545824229454));
#2077=CARTESIAN_POINT('',(0.876451449973221,1.193802,-0.157937168720497));
#2078=CARTESIAN_POINT('',(-0.33650774557009,1.41495447398914,2.4638));
#2079=CARTESIAN_POINT('',(-0.194108201253727,1.17348425187416,1.76691510620573));
#2080=CARTESIAN_POINT('',(0.,0.,0.));
#2081=CARTESIAN_POINT('',(-1.96113121509552,0.,2.35479459012236));
#2082=CARTESIAN_POINT('',(-1.96113121509552,0.,1.2192));
#2083=CARTESIAN_POINT('',(-5.66953121509552,0.,1.2192));
#2084=CARTESIAN_POINT('',(-1.96113121509552,0.,7.62));
#2085=CARTESIAN_POINT('',(-5.66953121509552,0.,7.62));
#2086=CARTESIAN_POINT('',(-5.69493121509552,0.,7.62));
#2087=CARTESIAN_POINT('',(-1.96113121509552,0.,7.62));
#2088=CARTESIAN_POINT('',(-5.72033121509552,0.,7.62));
#2089=CARTESIAN_POINT('',(-1.96113121509552,0.,2.35479459012236));
#2090=CARTESIAN_POINT('',(-1.96113121509552,0.,1.2192));
#2091=CARTESIAN_POINT('',(-5.72033121509552,0.,1.2192));
#2092=CARTESIAN_POINT('',(-1.96113121509552,0.,1.2192));
#2093=CARTESIAN_POINT('',(-1.96113121509552,0.,1.2192));
#2094=CARTESIAN_POINT('',(0.,0.,0.));
#2095=CARTESIAN_POINT('',(-1.2611217875691,-0.230583498192,1.76691510620573));
#2096=CARTESIAN_POINT('',(-1.2611217875691,-0.230583498192,1.76691510620573));
#2097=CARTESIAN_POINT('',(-1.2611217875691,-0.1658920167548,1.76691510620573));
#2098=CARTESIAN_POINT('',(-1.806347596848,-0.230583498192,1.76691510620573));
#2099=CARTESIAN_POINT('',(-1.806347596848,-0.1658920167548,1.76691510620573));
#2100=CARTESIAN_POINT('',(-1.2611217875691,-0.230583498192,1.76691510620573));
#2101=CARTESIAN_POINT('',(-1.819047596848,-0.230583498192,1.76691510620573));
#2102=CARTESIAN_POINT('',(-1.819047596848,-0.159320387056328,1.76691510620573));
#2103=CARTESIAN_POINT('',(-1.2611217875691,-0.230583498192,1.76691510620573));
#2104=CARTESIAN_POINT('',(-1.2611217875691,-0.159320387056328,1.76691510620573));
#2105=CARTESIAN_POINT('',(-1.2611217875691,0.0552617893001774,1.76691510620573));
#2106=CARTESIAN_POINT('',(-1.02139175796351,-0.100420712243155,1.76691510620573));
#2107=CARTESIAN_POINT('',(-1.08115803185322,-0.061608040162054,1.76691510620573));
#2108=CARTESIAN_POINT('',(-1.819047596848,-0.979623075044799,1.74566591434198));
#2109=CARTESIAN_POINT('',(-0.393194310630775,-0.508376904568328,1.74566591434198));
#2110=CARTESIAN_POINT('',(-1.02139175796351,-0.100420712243155,1.76691510620573));
#2111=CARTESIAN_POINT('',(-1.07564659944168,-0.0651872062195059,1.76691510620573));
#2112=CARTESIAN_POINT('',(-1.2611217875691,0.0552617893001774,1.76691510620573));
#2113=CARTESIAN_POINT('',(-1.806347596848,-0.230583498192,1.76691510620573));
#2114=CARTESIAN_POINT('',(0.,0.,0.));
#2115=CARTESIAN_POINT('',(0.,0.,0.));
#2116=MECHANICAL_DESIGN_GEOMETRIC_PRESENTATION_REPRESENTATION('',(#726,
#727,#728,#729,#730,#731,#732,#733),#2117);
#2117=(
GEOMETRIC_REPRESENTATION_CONTEXT(3)
GLOBAL_UNCERTAINTY_ASSIGNED_CONTEXT((#2127))
GLOBAL_UNIT_ASSIGNED_CONTEXT((#2139,#2138,#2137))
REPRESENTATION_CONTEXT('msre assembly','TOP_LEVEL_ASSEMBLY_PART')
);
#2118=(
GEOMETRIC_REPRESENTATION_CONTEXT(3)
GLOBAL_UNCERTAINTY_ASSIGNED_CONTEXT((#2128))
GLOBAL_UNIT_ASSIGNED_CONTEXT((#2139,#2138,#2137))
REPRESENTATION_CONTEXT('pit <1>','COMPONENT_PART')
);
#2119=(
GEOMETRIC_REPRESENTATION_CONTEXT(3)
GLOBAL_UNCERTAINTY_ASSIGNED_CONTEXT((#2129))
GLOBAL_UNIT_ASSIGNED_CONTEXT((#2139,#2138,#2137))
REPRESENTATION_CONTEXT('concrete pit','COMPONENT_PART')
);
#2120=(
GEOMETRIC_REPRESENTATION_CONTEXT(3)
GLOBAL_UNCERTAINTY_ASSIGNED_CONTEXT((#2130))
GLOBAL_UNIT_ASSIGNED_CONTEXT((#2139,#2138,#2137))
REPRESENTATION_CONTEXT('steelwater thermal shield','COMPONENT_PART')
);
#2121=(
GEOMETRIC_REPRESENTATION_CONTEXT(3)
GLOBAL_UNCERTAINTY_ASSIGNED_CONTEXT((#2131))
GLOBAL_UNIT_ASSIGNED_CONTEXT((#2139,#2138,#2137))
REPRESENTATION_CONTEXT('concrete removable shield','COMPONENT_PART')
);
#2122=(
GEOMETRIC_REPRESENTATION_CONTEXT(3)
GLOBAL_UNCERTAINTY_ASSIGNED_CONTEXT((#2132))
GLOBAL_UNIT_ASSIGNED_CONTEXT((#2139,#2138,#2137))
REPRESENTATION_CONTEXT('inor-8 outlet pipe','COMPONENT_PART')
);
#2123=(
GEOMETRIC_REPRESENTATION_CONTEXT(3)
GLOBAL_UNCERTAINTY_ASSIGNED_CONTEXT((#2133))
GLOBAL_UNIT_ASSIGNED_CONTEXT((#2139,#2138,#2137))
REPRESENTATION_CONTEXT('watersand shield','COMPONENT_PART')
);
#2124=(
GEOMETRIC_REPRESENTATION_CONTEXT(3)
GLOBAL_UNCERTAINTY_ASSIGNED_CONTEXT((#2134))
GLOBAL_UNIT_ASSIGNED_CONTEXT((#2139,#2138,#2137))
REPRESENTATION_CONTEXT('insulation thermal shield','COMPONENT_PART')
);
#2125=(
GEOMETRIC_REPRESENTATION_CONTEXT(3)
GLOBAL_UNCERTAINTY_ASSIGNED_CONTEXT((#2135))
GLOBAL_UNIT_ASSIGNED_CONTEXT((#2139,#2138,#2137))
REPRESENTATION_CONTEXT('steel containment vessel','COMPONENT_PART')
);
#2126=(
GEOMETRIC_REPRESENTATION_CONTEXT(3)
GLOBAL_UNCERTAINTY_ASSIGNED_CONTEXT((#2136))
GLOBAL_UNIT_ASSIGNED_CONTEXT((#2139,#2138,#2137))
REPRESENTATION_CONTEXT('inor-8 inlet pipe','COMPONENT_PART')
);
#2127=UNCERTAINTY_MEASURE_WITH_UNIT(LENGTH_MEASURE(5.E-6),#2139,
'DISTANCE_ACCURACY_VALUE','Maximum Tolerance applied to model');
#2128=UNCERTAINTY_MEASURE_WITH_UNIT(LENGTH_MEASURE(5.E-6),#2139,
'DISTANCE_ACCURACY_VALUE','Maximum Tolerance applied to model');
#2129=UNCERTAINTY_MEASURE_WITH_UNIT(LENGTH_MEASURE(5.E-6),#2139,
'DISTANCE_ACCURACY_VALUE','Maximum Tolerance applied to model');
#2130=UNCERTAINTY_MEASURE_WITH_UNIT(LENGTH_MEASURE(5.E-6),#2139,
'DISTANCE_ACCURACY_VALUE','Maximum Tolerance applied to model');
#2131=UNCERTAINTY_MEASURE_WITH_UNIT(LENGTH_MEASURE(5.E-6),#2139,
'DISTANCE_ACCURACY_VALUE','Maximum Tolerance applied to model');
#2132=UNCERTAINTY_MEASURE_WITH_UNIT(LENGTH_MEASURE(5.E-6),#2139,
'DISTANCE_ACCURACY_VALUE','Maximum Tolerance applied to model');
#2133=UNCERTAINTY_MEASURE_WITH_UNIT(LENGTH_MEASURE(5.E-6),#2139,
'DISTANCE_ACCURACY_VALUE','Maximum Tolerance applied to model');
#2134=UNCERTAINTY_MEASURE_WITH_UNIT(LENGTH_MEASURE(5.E-6),#2139,
'DISTANCE_ACCURACY_VALUE','Maximum Tolerance applied to model');
#2135=UNCERTAINTY_MEASURE_WITH_UNIT(LENGTH_MEASURE(5.E-6),#2139,
'DISTANCE_ACCURACY_VALUE','Maximum Tolerance applied to model');
#2136=UNCERTAINTY_MEASURE_WITH_UNIT(LENGTH_MEASURE(5.E-6),#2139,
'DISTANCE_ACCURACY_VALUE','Maximum Tolerance applied to model');
#2137=(
NAMED_UNIT(*)
SI_UNIT($,.STERADIAN.)
SOLID_ANGLE_UNIT()
);
#2138=(
NAMED_UNIT(*)
PLANE_ANGLE_UNIT()
SI_UNIT($,.RADIAN.)
);
#2139=(
LENGTH_UNIT()
NAMED_UNIT(*)
SI_UNIT($,.METRE.)
);
#2140=PRODUCT_DEFINITION_SHAPE('','',#2159);
#2141=PRODUCT_DEFINITION_SHAPE('','',#2160);
#2142=PRODUCT_DEFINITION_SHAPE('','',#2161);
#2143=PRODUCT_DEFINITION_SHAPE(' ','NAUO PRDDFN',#58);
#2144=PRODUCT_DEFINITION_SHAPE('','',#2162);
#2145=PRODUCT_DEFINITION_SHAPE(' ','NAUO PRDDFN',#59);
#2146=PRODUCT_DEFINITION_SHAPE('','',#2163);
#2147=PRODUCT_DEFINITION_SHAPE(' ','NAUO PRDDFN',#60);
#2148=PRODUCT_DEFINITION_SHAPE('','',#2164);
#2149=PRODUCT_DEFINITION_SHAPE(' ','NAUO PRDDFN',#61);
#2150=PRODUCT_DEFINITION_SHAPE('','',#2165);
#2151=PRODUCT_DEFINITION_SHAPE(' ','NAUO PRDDFN',#62);
#2152=PRODUCT_DEFINITION_SHAPE('','',#2166);
#2153=PRODUCT_DEFINITION_SHAPE(' ','NAUO PRDDFN',#63);
#2154=PRODUCT_DEFINITION_SHAPE('','',#2167);
#2155=PRODUCT_DEFINITION_SHAPE(' ','NAUO PRDDFN',#64);
#2156=PRODUCT_DEFINITION_SHAPE('','',#2168);
#2157=PRODUCT_DEFINITION_SHAPE(' ','NAUO PRDDFN',#65);
#2158=PRODUCT_DEFINITION_SHAPE(' ','NAUO PRDDFN',#66);
#2159=PRODUCT_DEFINITION('','',#2179,#2169);
#2160=PRODUCT_DEFINITION('','',#2180,#2170);
#2161=PRODUCT_DEFINITION('','',#2181,#2171);
#2162=PRODUCT_DEFINITION('','',#2182,#2172);
#2163=PRODUCT_DEFINITION('','',#2183,#2173);
#2164=PRODUCT_DEFINITION('','',#2184,#2174);
#2165=PRODUCT_DEFINITION('','',#2185,#2175);
#2166=PRODUCT_DEFINITION('','',#2186,#2176);
#2167=PRODUCT_DEFINITION('','',#2187,#2177);
#2168=PRODUCT_DEFINITION('','',#2188,#2178);
#2169=PRODUCT_DEFINITION_CONTEXT('',#2230,'design');
#2170=PRODUCT_DEFINITION_CONTEXT('',#2230,'design');
#2171=PRODUCT_DEFINITION_CONTEXT('',#2230,'design');
#2172=PRODUCT_DEFINITION_CONTEXT('',#2230,'design');
#2173=PRODUCT_DEFINITION_CONTEXT('',#2230,'design');
#2174=PRODUCT_DEFINITION_CONTEXT('',#2230,'design');
#2175=PRODUCT_DEFINITION_CONTEXT('',#2230,'design');
#2176=PRODUCT_DEFINITION_CONTEXT('',#2230,'design');
#2177=PRODUCT_DEFINITION_CONTEXT('',#2230,'design');
#2178=PRODUCT_DEFINITION_CONTEXT('',#2230,'design');
#2179=PRODUCT_DEFINITION_FORMATION_WITH_SPECIFIED_SOURCE('','',#2199,
 .NOT_KNOWN.);
#2180=PRODUCT_DEFINITION_FORMATION_WITH_SPECIFIED_SOURCE('','',#2200,
 .NOT_KNOWN.);
#2181=PRODUCT_DEFINITION_FORMATION_WITH_SPECIFIED_SOURCE('','',#2201,
 .NOT_KNOWN.);
#2182=PRODUCT_DEFINITION_FORMATION_WITH_SPECIFIED_SOURCE('','',#2202,
 .NOT_KNOWN.);
#2183=PRODUCT_DEFINITION_FORMATION_WITH_SPECIFIED_SOURCE('','',#2203,
 .NOT_KNOWN.);
#2184=PRODUCT_DEFINITION_FORMATION_WITH_SPECIFIED_SOURCE('','',#2204,
 .NOT_KNOWN.);
#2185=PRODUCT_DEFINITION_FORMATION_WITH_SPECIFIED_SOURCE('','',#2205,
 .NOT_KNOWN.);
#2186=PRODUCT_DEFINITION_FORMATION_WITH_SPECIFIED_SOURCE('','',#2206,
 .NOT_KNOWN.);
#2187=PRODUCT_DEFINITION_FORMATION_WITH_SPECIFIED_SOURCE('','',#2207,
 .NOT_KNOWN.);
#2188=PRODUCT_DEFINITION_FORMATION_WITH_SPECIFIED_SOURCE('','',#2208,
 .NOT_KNOWN.);
#2189=PRODUCT_RELATED_PRODUCT_CATEGORY('','',(#2199));
#2190=PRODUCT_RELATED_PRODUCT_CATEGORY('','',(#2200));
#2191=PRODUCT_RELATED_PRODUCT_CATEGORY('','',(#2201));
#2192=PRODUCT_RELATED_PRODUCT_CATEGORY('','',(#2202));
#2193=PRODUCT_RELATED_PRODUCT_CATEGORY('','',(#2203));
#2194=PRODUCT_RELATED_PRODUCT_CATEGORY('','',(#2204));
#2195=PRODUCT_RELATED_PRODUCT_CATEGORY('','',(#2205));
#2196=PRODUCT_RELATED_PRODUCT_CATEGORY('','',(#2206));
#2197=PRODUCT_RELATED_PRODUCT_CATEGORY('','',(#2207));
#2198=PRODUCT_RELATED_PRODUCT_CATEGORY('','',(#2208));
#2199=PRODUCT('msre assembly','msre assembly','msre assembly',(#2219));
#2200=PRODUCT('pit <1>','pit <1>','pit <1>',(#2220));
#2201=PRODUCT('concrete pit','concrete pit','concrete pit',(#2221));
#2202=PRODUCT('steelwater thermal shield','steelwater thermal shield',
'steelwater thermal shield',(#2222));
#2203=PRODUCT('concrete removable shield','concrete removable shield',
'concrete removable shield',(#2223));
#2204=PRODUCT('inor-8 outlet pipe','inor-8 outlet pipe',
'inor-8 outlet pipe',(#2224));
#2205=PRODUCT('watersand shield','watersand shield','watersand shield',
(#2225));
#2206=PRODUCT('insulation thermal shield','insulation thermal shield',
'insulation thermal shield',(#2226));
#2207=PRODUCT('steel containment vessel','steel containment vessel',
'steel containment vessel',(#2227));
#2208=PRODUCT('inor-8 inlet pipe','inor-8 inlet pipe',
'inor-8 inlet pipe',(#2228));
#2209=PRODUCT_CATEGORY('','');
#2210=PRODUCT_CATEGORY('','');
#2211=PRODUCT_CATEGORY('','');
#2212=PRODUCT_CATEGORY('','');
#2213=PRODUCT_CATEGORY('','');
#2214=PRODUCT_CATEGORY('','');
#2215=PRODUCT_CATEGORY('','');
#2216=PRODUCT_CATEGORY('','');
#2217=PRODUCT_CATEGORY('','');
#2218=PRODUCT_CATEGORY('','');
#2219=PRODUCT_CONTEXT('',#2230,'mechanical');
#2220=PRODUCT_CONTEXT('',#2230,'mechanical');
#2221=PRODUCT_CONTEXT('',#2230,'mechanical');
#2222=PRODUCT_CONTEXT('',#2230,'mechanical');
#2223=PRODUCT_CONTEXT('',#2230,'mechanical');
#2224=PRODUCT_CONTEXT('',#2230,'mechanical');
#2225=PRODUCT_CONTEXT('',#2230,'mechanical');
#2226=PRODUCT_CONTEXT('',#2230,'mechanical');
#2227=PRODUCT_CONTEXT('',#2230,'mechanical');
#2228=PRODUCT_CONTEXT('',#2230,'mechanical');
#2229=APPLICATION_PROTOCOL_DEFINITION('international standard',
'ap242_managed_model_based_3d_engineering',2011,#2230);
#2230=APPLICATION_CONTEXT('managed model based 3d engineering');
ENDSEC;
END-ISO-10303-21;
